-- phpMyAdmin SQL Dump
-- version 4.0.10.7
-- http://www.phpmyadmin.net
--
-- Host: localhost
-- Generation Time: Aug 23, 2015 at 03:32 PM
-- Server version: 5.5.42-cll
-- PHP Version: 5.4.31

SET SQL_MODE = "NO_AUTO_VALUE_ON_ZERO";
SET time_zone = "+00:00";


/*!40101 SET @OLD_CHARACTER_SET_CLIENT=@@CHARACTER_SET_CLIENT */;
/*!40101 SET @OLD_CHARACTER_SET_RESULTS=@@CHARACTER_SET_RESULTS */;
/*!40101 SET @OLD_COLLATION_CONNECTION=@@COLLATION_CONNECTION */;
/*!40101 SET NAMES utf8 */;

--
-- Database: `learnsci_kriti`
--

-- --------------------------------------------------------

--
-- Table structure for table `about_content`
--

DROP TABLE IF EXISTS `about_content`;
CREATE TABLE IF NOT EXISTS `about_content` (
  `slno` int(11) NOT NULL AUTO_INCREMENT,
  `content` text NOT NULL,
  `date` timestamp NOT NULL DEFAULT CURRENT_TIMESTAMP ON UPDATE CURRENT_TIMESTAMP,
  PRIMARY KEY (`slno`)
) ENGINE=InnoDB  DEFAULT CHARSET=latin1 AUTO_INCREMENT=3 ;

--
-- Dumping data for table `about_content`
--

INSERT INTO `about_content` (`slno`, `content`, `date`) VALUES
(2, '&lt;p&gt;&lt;span&gt;We are a dedicated team of professionals who want to make learning easy, simple and fun for school kids. Based out of Bhubaneswar with Offices in Bangalore &amp;amp; Mumbai we leverage technology to develop superior products &amp;amp; services that benefit our customers in an enlightening way. We are supported by an Odisha based NGO named GyanTarang which endeavours to improve the spread of education through new age technology.&lt;/span&gt;&lt;/p&gt;', '2015-06-13 11:31:49');

-- --------------------------------------------------------

--
-- Table structure for table `adminlogin`
--

DROP TABLE IF EXISTS `adminlogin`;
CREATE TABLE IF NOT EXISTS `adminlogin` (
  `id` int(11) NOT NULL AUTO_INCREMENT,
  `username` varchar(100) NOT NULL,
  `password` varchar(100) NOT NULL,
  PRIMARY KEY (`id`)
) ENGINE=InnoDB  DEFAULT CHARSET=latin1 AUTO_INCREMENT=2 ;

--
-- Dumping data for table `adminlogin`
--

INSERT INTO `adminlogin` (`id`, `username`, `password`) VALUES
(1, 'admin', 'admin');

-- --------------------------------------------------------

--
-- Table structure for table `casual`
--

DROP TABLE IF EXISTS `casual`;
CREATE TABLE IF NOT EXISTS `casual` (
  `slno` bigint(50) NOT NULL AUTO_INCREMENT,
  `name` varchar(200) NOT NULL,
  `phone` bigint(11) NOT NULL,
  `email` varchar(50) NOT NULL,
  UNIQUE KEY `slno` (`slno`)
) ENGINE=InnoDB  DEFAULT CHARSET=latin1 AUTO_INCREMENT=16 ;

--
-- Dumping data for table `casual`
--

INSERT INTO `casual` (`slno`, `name`, `phone`, `email`) VALUES
(1, 'somya', 1234567890, 'dayanidhin4@gmail.com'),
(2, 'daya', 1234567890, 'dayanidhi@krititech.in'),
(3, 'dgsdgsgs', 85712642133, 'sned2amiya@gmail.com'),
(4, 'isha', 9465514383, 'bansalisha1999@gmail.com'),
(6, 'kaushik', 9978285827, 'patelkaushik855@gmail.com'),
(7, 'shailesh', 9968565098, 'shailesh.singh.org@gmail.com'),
(8, 'ayesha', 9594211891, 'niyashaikh@yahoo.in'),
(9, 'arnav', 8447998939, 'arnavaggarwal11156@gmail.com'),
(10, 'Kumar Krishnanand', 8877287069, 'krishnarajkk53@gmail.com'),
(11, 'neha kumari', 7549246932, 'neha.ku52@gmail.com'),
(12, 'siddharth', 9741977839, 'siddharth.snkr@gmail.com'),
(13, 'learn', 1111111111, 'learn@gmail.com'),
(14, 'shishir', 9007012732, 'Shishir.behera@gmail.com'),
(15, 'Rahul', 9823839328, 'rahul.androapps@gmail.com');

-- --------------------------------------------------------

--
-- Table structure for table `correct_answer`
--

DROP TABLE IF EXISTS `correct_answer`;
CREATE TABLE IF NOT EXISTS `correct_answer` (
  `id` int(11) NOT NULL AUTO_INCREMENT,
  `class_id` int(11) NOT NULL,
  `subject_id` int(11) NOT NULL,
  `topic_id` int(11) NOT NULL,
  `question_id` int(11) NOT NULL,
  `answer_id` varchar(20) NOT NULL,
  PRIMARY KEY (`id`)
) ENGINE=InnoDB  DEFAULT CHARSET=latin1 AUTO_INCREMENT=3 ;

--
-- Dumping data for table `correct_answer`
--

INSERT INTO `correct_answer` (`id`, `class_id`, `subject_id`, `topic_id`, `question_id`, `answer_id`) VALUES
(1, 1, 1, 1, 1, 'power'),
(2, 1, 1, 1, 2, 'f=ma');

-- --------------------------------------------------------

--
-- Table structure for table `extra_detail`
--

DROP TABLE IF EXISTS `extra_detail`;
CREATE TABLE IF NOT EXISTS `extra_detail` (
  `id` int(11) NOT NULL AUTO_INCREMENT,
  `class_id` int(11) NOT NULL,
  `subject_id` int(11) NOT NULL,
  `topic_id` int(11) NOT NULL,
  `ebook` text NOT NULL,
  `video` text NOT NULL,
  `bookdetails` varchar(500) NOT NULL,
  `videodetails` varchar(500) NOT NULL,
  `status` int(200) NOT NULL,
  PRIMARY KEY (`id`)
) ENGINE=InnoDB  DEFAULT CHARSET=latin1 AUTO_INCREMENT=67 ;

--
-- Dumping data for table `extra_detail`
--

INSERT INTO `extra_detail` (`id`, `class_id`, `subject_id`, `topic_id`, `ebook`, `video`, `bookdetails`, `videodetails`, `status`) VALUES
(16, 9, 25, 21, '', 'video/Sublimation - Class 9 Science.mp4', '', 'process explain', 56),
(17, 9, 25, 26, '', 'video/Structure of Cell Nucleus.mp4', '', 'Cell structure', 18),
(18, 10, 22, 41, 'image/Chap-1Real Numbers .pdf', '', 'Real Numbers', '', 21),
(19, 10, 22, 42, 'image/Chap-2 Polynomials.pdf', '', 'Polynomials', '', 3),
(20, 10, 22, 43, 'image/Chap-3 Linear Equations in 2 variables.pdf', '', 'Pair of Linear Equations in Two Variables', '', 0),
(21, 10, 22, 44, 'image/Chap4 Quadratic Equations .pdf', '', 'Quadratic Equations', '', 1),
(22, 10, 22, 45, 'image/Chap-5 Arithmetic Progressions.pdf', '', 'Arithmetic Progressions', '', 0),
(23, 10, 22, 46, 'image/Chap-6 Triangles .pdf', '', 'Triangles', '', 5),
(24, 10, 22, 47, 'image/Chap7 Coordinate Geometry .pdf', '', 'Coordinate Geometry', '', 0),
(25, 10, 22, 48, 'image/Chap8 Trigonometry.pdf', '', 'Introduction to Trigonometry', '', 0),
(26, 10, 22, 49, 'image/Chap9 Heights & Distances .pdf', '', 'Heights and Distances', '', 0),
(27, 10, 22, 50, 'image/Chap10 Circles.pdf', '', 'Circles', '', 0),
(28, 10, 22, 51, 'image/Chap11 Constructions.pdf', '', 'Construction in Geometry', '', 0),
(29, 10, 22, 54, 'image/Chap-13 Surface Areas & Volumes.pdf', '', 'Measuring Surface Areas and Volumes', '', 0),
(30, 10, 22, 53, 'image/Chap-12 Areas related to Circles.pdf', '', 'Areas related to circles', '', 1),
(31, 10, 22, 55, 'image/Chap-14 Statistics .pdf', '', 'Statistics is Data for analysis', '', 0),
(32, 10, 22, 56, 'image/Chap15 Probability.pdf', '', 'Probability is measuring chance of event', '', 1),
(36, 11, 27, 76, 'image/Our Country India - Basics Quiz.pdf', '', 'India - Basic GK', '', 8),
(37, 9, 25, 29, '', 'video/motion1.swf', '', 'Video 1 Introduction', 14),
(38, 9, 25, 29, '', 'video/motion2.swf', '', 'Video 2 Concept of Displacement-Types of motion', 11),
(39, 10, 24, 37, 'image/Class X  2 Acids Bases and Salts .pdf', '', 'Acids Bases and Salt', '', 9),
(40, 10, 24, 57, 'image/Class X 1 Chemical Reactions and Equations.pdf', '', 'Chemical Reactions and Equations', '', 9),
(41, 10, 24, 58, 'image/Class X 3 Metal and Non Metals.pdf', '', 'Metal and Non Metals', '', 0),
(42, 10, 24, 60, 'image/Class X 5 Periodic Classification of Elements.pdf', '', 'Elements - Periodic Classification', '', 10),
(43, 10, 24, 60, 'image/Class X 5 Periodic Classification of Elements.pdf', '', 'Periodic Classification of Elements', '', 4),
(44, 10, 24, 61, 'image/Class X 7 Control and Coordinations.pdf', '', 'Control &amp; Coordination in Plants &amp; Animals', '', 4),
(45, 10, 24, 78, 'image/Class X 11 The Human Eye and Colourful World.pdf', '', 'Human Eye Construction and Defects and Refraction Effects', '', 0),
(46, 10, 22, 41, '', 'video/Class X 1Real Numbers.swf', '', 'Real Numbers Explained', 22),
(47, 10, 22, 42, '', 'video/Class X 2Polynomials.swf', '', 'What are Polynomials', 3),
(48, 9, 26, 65, '', 'video/Class IX  2 Polynomials.swf', '', 'Polynomials', 16),
(50, 9, 25, 32, '', 'video/IX Sound .swf', '', 'Sound', 1),
(51, 9, 25, 31, '', 'video/IX Work and Energy .swf', '', 'Work and Energy', 1),
(52, 9, 26, 36, 'image/1 Real Numbers .pdf', '', 'Real Numbers', '', 11),
(53, 9, 26, 39, 'image/4 Linear Equations in 2 variables.pdf', '', 'Linear Equations in Two Variables', '', 0),
(54, 9, 26, 66, 'image/3 Coordinate Geometry.pdf', '', 'Coordinate Geometry', '', 0),
(55, 9, 26, 65, 'image/2 Polynomials .pdf', '', 'Polynomials', '', 0),
(56, 9, 26, 68, 'image/6 Lines and Angles .pdf', '', 'Lines and Angles', '', 0),
(57, 9, 26, 69, 'image/7 Triangles .pdf', '', 'Triangles', '', 0),
(58, 9, 26, 40, 'image/8 Quadrilaterals .pdf', '', 'Quadrilaterals', '', 0),
(59, 9, 26, 70, 'image/9 Areas of Parallelograms and Triangles .pdf', '', 'Areas of Parallelograms and Triangles', '', 0),
(60, 9, 26, 85, 'image/10 Circles .pdf', '', 'Circles', '', 0),
(61, 9, 26, 71, 'image/11 Constructions .pdf', '', 'Constructions', '', 0),
(62, 9, 26, 73, 'image/13 Surface Areas and Volumes .pdf', '', 'Surface Areas and Volumes', '', 0),
(63, 9, 26, 74, 'image/14 Class IX Statistics .pdf', '', 'Statistics', '', 0),
(64, 9, 26, 75, 'image/15 Class IX Probability .pdf', '', 'Probability', '', 13),
(65, 9, 26, 67, 'image/5 Introduction to Euclids Geometry.pdf', '', 'Introduction to Euclids Geometry', '', 0),
(66, 9, 26, 72, 'image/12 Herons Formula.pdf', '', 'Heron&#039;s Formula', '', 0);

-- --------------------------------------------------------

--
-- Table structure for table `feedback`
--

DROP TABLE IF EXISTS `feedback`;
CREATE TABLE IF NOT EXISTS `feedback` (
  `slno` int(20) NOT NULL AUTO_INCREMENT,
  `Name` text,
  `Contact_no` varchar(20) DEFAULT NULL,
  `eid` varchar(128) NOT NULL,
  `city` text,
  `IP_addr` varchar(128) NOT NULL,
  `message` varchar(200) NOT NULL,
  PRIMARY KEY (`slno`),
  UNIQUE KEY `slno` (`slno`)
) ENGINE=InnoDB  DEFAULT CHARSET=latin1 AUTO_INCREMENT=20 ;

--
-- Dumping data for table `feedback`
--

INSERT INTO `feedback` (`slno`, `Name`, `Contact_no`, `eid`, `city`, `IP_addr`, `message`) VALUES
(16, 'pallavi', NULL, 'pallavi.more@c9live.com', 'vashi', '120.62.22.51', 'This is a demo feedback'),
(18, 'pallavi', NULL, 'pallavi.more@c9live.com', 'vashi', '120.62.22.51', 'This is another feedback'),
(19, 'pallavi', NULL, 'pallavi.more@c9live.com', 'vashi', '120.62.22.51', 'This is a 3rd feedback');

-- --------------------------------------------------------

--
-- Table structure for table `halloffame_image`
--

DROP TABLE IF EXISTS `halloffame_image`;
CREATE TABLE IF NOT EXISTS `halloffame_image` (
  `id` int(11) NOT NULL AUTO_INCREMENT,
  `rank` varchar(200) NOT NULL,
  `name` varchar(200) NOT NULL,
  `image` varchar(200) NOT NULL,
  PRIMARY KEY (`id`)
) ENGINE=InnoDB  DEFAULT CHARSET=latin1 AUTO_INCREMENT=5 ;

--
-- Dumping data for table `halloffame_image`
--

INSERT INTO `halloffame_image` (`id`, `rank`, `name`, `image`) VALUES
(1, '1st', 'Shashank Panii', 'image/Shashank Pani.jpg'),
(2, '2nd', 'Amit khanna', 'image/Amit Khanna.png'),
(3, '3rd', 'Gayatri Agarwal', 'image/Gayatri Agarwal.jpg'),
(4, '1st', 'Suman Acharya', 'image/Suman Acharya.jpg');

-- --------------------------------------------------------

--
-- Table structure for table `hits`
--

DROP TABLE IF EXISTS `hits`;
CREATE TABLE IF NOT EXISTS `hits` (
  `slno` int(100) NOT NULL AUTO_INCREMENT,
  `count` int(100) NOT NULL,
  `page` varchar(200) NOT NULL,
  PRIMARY KEY (`slno`)
) ENGINE=InnoDB  DEFAULT CHARSET=latin1 AUTO_INCREMENT=4059 ;

--
-- Dumping data for table `hits`
--

INSERT INTO `hits` (`slno`, `count`, `page`) VALUES
(1, 1, ''),
(2, 2, ''),
(3, 3, ''),
(4, 4, ''),
(5, 5, ''),
(6, 6, ''),
(7, 7, ''),
(8, 8, ''),
(9, 9, ''),
(10, 10, ''),
(11, 11, ''),
(12, 12, ''),
(13, 13, ''),
(14, 14, ''),
(15, 15, ''),
(16, 16, ''),
(17, 17, ''),
(18, 18, ''),
(19, 19, ''),
(20, 20, ''),
(21, 21, ''),
(22, 22, ''),
(23, 23, ''),
(24, 24, ''),
(25, 25, ''),
(26, 26, ''),
(27, 27, ''),
(28, 28, ''),
(29, 29, ''),
(30, 30, ''),
(31, 31, ''),
(32, 32, ''),
(33, 33, ''),
(34, 34, ''),
(35, 35, ''),
(36, 36, ''),
(37, 37, ''),
(38, 38, ''),
(39, 39, ''),
(40, 40, ''),
(41, 41, ''),
(42, 42, ''),
(43, 43, ''),
(44, 44, ''),
(45, 45, ''),
(46, 46, ''),
(47, 47, ''),
(48, 48, ''),
(49, 49, ''),
(50, 50, ''),
(51, 51, ''),
(52, 52, ''),
(53, 53, ''),
(54, 54, ''),
(55, 55, ''),
(56, 56, ''),
(57, 57, ''),
(58, 58, ''),
(59, 59, ''),
(60, 60, ''),
(61, 61, ''),
(62, 62, ''),
(63, 63, ''),
(64, 64, ''),
(65, 65, ''),
(66, 66, ''),
(67, 67, ''),
(68, 68, ''),
(69, 69, ''),
(70, 70, ''),
(71, 71, ''),
(72, 72, ''),
(73, 73, ''),
(74, 74, ''),
(75, 75, ''),
(76, 76, ''),
(77, 77, ''),
(78, 78, ''),
(79, 79, ''),
(80, 80, ''),
(81, 81, ''),
(82, 82, ''),
(83, 83, ''),
(84, 84, ''),
(85, 85, ''),
(86, 86, ''),
(87, 87, ''),
(88, 88, ''),
(89, 89, ''),
(90, 90, ''),
(91, 91, ''),
(92, 92, ''),
(93, 93, ''),
(94, 94, ''),
(95, 95, ''),
(96, 96, ''),
(97, 97, ''),
(98, 98, ''),
(99, 99, ''),
(100, 100, ''),
(101, 101, ''),
(102, 102, ''),
(103, 103, ''),
(104, 104, ''),
(105, 105, ''),
(106, 106, ''),
(107, 107, ''),
(108, 108, ''),
(109, 109, ''),
(110, 110, ''),
(111, 111, ''),
(112, 112, ''),
(113, 113, ''),
(114, 114, ''),
(115, 115, ''),
(116, 116, ''),
(117, 117, ''),
(118, 118, ''),
(119, 119, ''),
(120, 120, ''),
(121, 121, ''),
(122, 122, ''),
(123, 123, ''),
(124, 124, ''),
(125, 125, ''),
(126, 126, ''),
(127, 127, ''),
(128, 128, ''),
(129, 129, ''),
(130, 130, ''),
(131, 131, ''),
(132, 132, ''),
(133, 133, ''),
(134, 134, ''),
(135, 135, ''),
(136, 136, ''),
(137, 137, ''),
(138, 138, ''),
(139, 139, ''),
(140, 140, ''),
(141, 141, ''),
(142, 142, ''),
(143, 143, ''),
(144, 144, ''),
(145, 145, ''),
(146, 146, ''),
(147, 147, ''),
(148, 148, ''),
(149, 149, ''),
(150, 150, ''),
(151, 151, ''),
(152, 152, ''),
(153, 153, ''),
(154, 154, ''),
(155, 155, ''),
(156, 156, ''),
(157, 157, ''),
(158, 158, ''),
(159, 159, ''),
(160, 160, ''),
(161, 161, ''),
(162, 162, ''),
(163, 163, ''),
(164, 164, ''),
(165, 165, ''),
(166, 166, ''),
(167, 167, ''),
(168, 168, ''),
(169, 169, ''),
(170, 170, ''),
(171, 171, ''),
(172, 172, ''),
(173, 173, ''),
(174, 174, ''),
(175, 175, ''),
(176, 176, ''),
(177, 177, ''),
(178, 178, ''),
(179, 179, ''),
(180, 180, ''),
(181, 181, ''),
(182, 182, ''),
(183, 183, ''),
(184, 184, ''),
(185, 185, ''),
(186, 186, ''),
(187, 187, ''),
(188, 188, ''),
(189, 189, ''),
(190, 190, ''),
(191, 191, ''),
(192, 192, ''),
(193, 193, ''),
(194, 194, ''),
(195, 195, ''),
(196, 196, ''),
(197, 197, ''),
(198, 198, ''),
(199, 199, ''),
(200, 200, ''),
(201, 201, ''),
(202, 202, ''),
(203, 203, ''),
(204, 204, ''),
(205, 205, ''),
(206, 206, ''),
(207, 207, ''),
(208, 208, ''),
(209, 209, ''),
(210, 210, ''),
(211, 211, ''),
(212, 212, ''),
(213, 213, ''),
(214, 214, ''),
(215, 215, ''),
(216, 216, ''),
(217, 217, ''),
(218, 218, ''),
(219, 219, ''),
(220, 220, ''),
(221, 221, ''),
(222, 222, ''),
(223, 223, ''),
(224, 224, ''),
(225, 225, ''),
(226, 226, ''),
(227, 227, ''),
(228, 228, ''),
(229, 229, ''),
(230, 230, ''),
(231, 231, ''),
(232, 232, ''),
(233, 233, ''),
(234, 234, ''),
(235, 235, ''),
(236, 236, ''),
(237, 237, ''),
(238, 238, ''),
(239, 239, ''),
(240, 240, ''),
(241, 241, ''),
(242, 242, ''),
(243, 243, ''),
(244, 244, ''),
(245, 245, ''),
(246, 246, ''),
(247, 247, ''),
(248, 248, ''),
(249, 249, ''),
(250, 250, ''),
(251, 251, ''),
(252, 252, ''),
(253, 253, ''),
(254, 254, ''),
(255, 255, ''),
(256, 256, ''),
(257, 257, ''),
(258, 258, ''),
(259, 259, ''),
(260, 260, ''),
(261, 261, ''),
(262, 262, ''),
(263, 263, ''),
(264, 264, ''),
(265, 265, ''),
(266, 266, ''),
(267, 267, ''),
(268, 268, ''),
(269, 269, ''),
(270, 270, ''),
(271, 271, ''),
(272, 272, ''),
(273, 273, ''),
(274, 274, ''),
(275, 275, ''),
(276, 276, ''),
(277, 277, ''),
(278, 278, ''),
(279, 279, ''),
(280, 280, ''),
(281, 281, ''),
(282, 282, ''),
(283, 283, ''),
(284, 284, ''),
(285, 285, ''),
(286, 286, ''),
(287, 287, ''),
(288, 288, ''),
(289, 289, ''),
(290, 290, ''),
(291, 291, ''),
(292, 292, ''),
(293, 293, ''),
(294, 294, ''),
(295, 295, ''),
(296, 296, ''),
(297, 297, ''),
(298, 298, ''),
(299, 299, ''),
(300, 300, ''),
(301, 301, ''),
(302, 302, ''),
(303, 303, ''),
(304, 304, ''),
(305, 305, ''),
(306, 306, ''),
(307, 307, ''),
(308, 308, ''),
(309, 309, ''),
(310, 310, ''),
(311, 311, ''),
(312, 312, ''),
(313, 313, ''),
(314, 314, ''),
(315, 315, ''),
(316, 316, ''),
(317, 317, ''),
(318, 318, ''),
(319, 319, ''),
(320, 320, ''),
(321, 321, ''),
(322, 322, ''),
(323, 323, ''),
(324, 324, ''),
(325, 325, ''),
(326, 326, ''),
(327, 327, ''),
(328, 328, ''),
(329, 329, ''),
(330, 330, ''),
(331, 331, ''),
(332, 332, ''),
(333, 333, ''),
(334, 334, ''),
(335, 335, ''),
(336, 336, ''),
(337, 337, ''),
(338, 338, ''),
(339, 339, ''),
(340, 340, ''),
(341, 341, ''),
(342, 342, ''),
(343, 343, ''),
(344, 344, ''),
(345, 345, ''),
(346, 346, ''),
(347, 347, ''),
(348, 348, ''),
(349, 349, ''),
(350, 350, ''),
(351, 351, ''),
(352, 352, ''),
(353, 353, ''),
(354, 354, ''),
(355, 355, ''),
(356, 356, ''),
(357, 357, ''),
(358, 358, ''),
(359, 359, ''),
(360, 360, ''),
(361, 361, ''),
(362, 362, ''),
(363, 363, ''),
(364, 364, ''),
(365, 365, ''),
(366, 366, ''),
(367, 367, ''),
(368, 368, ''),
(369, 369, ''),
(370, 370, ''),
(371, 371, ''),
(372, 372, ''),
(373, 373, ''),
(374, 374, ''),
(375, 375, ''),
(376, 376, ''),
(377, 377, ''),
(378, 378, ''),
(379, 379, ''),
(380, 380, ''),
(381, 381, ''),
(382, 382, ''),
(383, 383, ''),
(384, 384, ''),
(385, 385, ''),
(386, 386, ''),
(387, 387, ''),
(388, 388, ''),
(389, 389, ''),
(390, 390, ''),
(391, 391, ''),
(392, 392, ''),
(393, 393, ''),
(394, 394, ''),
(395, 395, ''),
(396, 396, ''),
(397, 397, ''),
(398, 398, ''),
(399, 399, ''),
(400, 400, ''),
(401, 401, ''),
(402, 402, ''),
(403, 403, ''),
(404, 404, ''),
(405, 405, ''),
(406, 406, ''),
(407, 407, ''),
(408, 408, ''),
(409, 409, ''),
(410, 410, ''),
(411, 411, ''),
(412, 412, ''),
(413, 413, ''),
(414, 414, ''),
(415, 415, ''),
(416, 416, ''),
(417, 417, ''),
(418, 418, ''),
(419, 419, ''),
(420, 420, ''),
(421, 421, ''),
(422, 422, ''),
(423, 423, ''),
(424, 424, ''),
(425, 425, ''),
(426, 426, ''),
(427, 427, ''),
(428, 428, ''),
(429, 429, ''),
(430, 430, ''),
(431, 431, ''),
(432, 432, ''),
(433, 433, ''),
(434, 434, ''),
(435, 435, ''),
(436, 436, ''),
(437, 437, ''),
(438, 438, ''),
(439, 439, ''),
(440, 440, ''),
(441, 441, ''),
(442, 442, ''),
(443, 443, ''),
(444, 444, ''),
(445, 445, ''),
(446, 446, ''),
(447, 447, ''),
(448, 448, ''),
(449, 449, ''),
(450, 450, ''),
(451, 451, ''),
(452, 452, ''),
(453, 453, ''),
(454, 454, ''),
(455, 455, ''),
(456, 456, ''),
(457, 457, ''),
(458, 458, ''),
(459, 459, ''),
(460, 460, ''),
(461, 461, ''),
(462, 462, ''),
(463, 463, ''),
(464, 464, ''),
(465, 465, ''),
(466, 466, ''),
(467, 467, ''),
(468, 468, ''),
(469, 469, ''),
(470, 470, ''),
(471, 471, ''),
(472, 472, ''),
(473, 473, ''),
(474, 474, ''),
(475, 475, ''),
(476, 476, ''),
(477, 477, ''),
(478, 478, ''),
(479, 479, ''),
(480, 480, ''),
(481, 481, ''),
(482, 482, ''),
(483, 483, ''),
(484, 484, ''),
(485, 485, ''),
(486, 486, ''),
(487, 487, ''),
(488, 488, ''),
(489, 489, ''),
(490, 490, ''),
(491, 491, ''),
(492, 492, ''),
(493, 493, ''),
(494, 494, ''),
(495, 495, ''),
(496, 496, ''),
(497, 497, ''),
(498, 498, ''),
(499, 499, ''),
(500, 500, ''),
(501, 501, ''),
(502, 502, ''),
(503, 503, ''),
(504, 504, ''),
(505, 505, ''),
(506, 506, ''),
(507, 507, ''),
(508, 508, ''),
(509, 509, ''),
(510, 510, ''),
(511, 511, ''),
(512, 512, ''),
(513, 513, ''),
(514, 514, ''),
(515, 515, ''),
(516, 516, ''),
(517, 517, ''),
(518, 518, ''),
(519, 519, ''),
(520, 520, ''),
(521, 521, ''),
(522, 522, ''),
(523, 523, ''),
(524, 524, ''),
(525, 525, ''),
(526, 526, ''),
(527, 527, ''),
(528, 528, ''),
(529, 529, ''),
(530, 530, ''),
(531, 531, ''),
(532, 532, ''),
(533, 533, ''),
(534, 534, ''),
(535, 535, ''),
(536, 536, ''),
(537, 537, ''),
(538, 538, ''),
(539, 539, ''),
(540, 540, ''),
(541, 541, ''),
(542, 542, ''),
(543, 543, ''),
(544, 544, ''),
(545, 545, ''),
(546, 546, ''),
(547, 547, ''),
(548, 548, ''),
(549, 549, ''),
(550, 550, ''),
(551, 551, ''),
(552, 552, ''),
(553, 553, ''),
(554, 554, ''),
(555, 555, ''),
(556, 556, ''),
(557, 557, ''),
(558, 558, ''),
(559, 559, ''),
(560, 560, ''),
(561, 561, ''),
(562, 562, ''),
(563, 563, ''),
(564, 564, ''),
(565, 565, ''),
(566, 566, ''),
(567, 567, ''),
(568, 568, ''),
(569, 569, ''),
(570, 570, ''),
(571, 571, ''),
(572, 572, ''),
(573, 573, ''),
(574, 574, ''),
(575, 575, ''),
(576, 576, ''),
(577, 577, ''),
(578, 578, ''),
(579, 579, ''),
(580, 580, ''),
(581, 581, ''),
(582, 582, ''),
(583, 583, ''),
(584, 584, ''),
(585, 585, ''),
(586, 586, ''),
(587, 587, ''),
(588, 588, ''),
(589, 589, ''),
(590, 590, ''),
(591, 591, ''),
(592, 592, ''),
(593, 593, ''),
(594, 594, ''),
(595, 595, ''),
(596, 596, ''),
(597, 597, ''),
(598, 598, ''),
(599, 599, ''),
(600, 600, ''),
(601, 601, ''),
(602, 602, ''),
(603, 603, ''),
(604, 604, ''),
(605, 605, ''),
(606, 606, ''),
(607, 607, ''),
(608, 608, ''),
(609, 609, ''),
(610, 610, ''),
(611, 611, ''),
(612, 612, ''),
(613, 613, ''),
(614, 614, ''),
(615, 615, ''),
(616, 616, ''),
(617, 617, ''),
(618, 618, ''),
(619, 619, ''),
(620, 620, ''),
(621, 621, ''),
(622, 622, ''),
(623, 623, ''),
(624, 624, ''),
(625, 625, ''),
(626, 626, ''),
(627, 627, ''),
(628, 628, ''),
(629, 629, ''),
(630, 630, ''),
(631, 631, ''),
(632, 632, ''),
(633, 633, ''),
(634, 634, ''),
(635, 635, ''),
(636, 636, ''),
(637, 637, ''),
(638, 638, ''),
(639, 639, ''),
(640, 640, ''),
(641, 641, ''),
(642, 642, ''),
(643, 643, ''),
(644, 644, ''),
(645, 645, ''),
(646, 646, ''),
(647, 647, ''),
(648, 648, ''),
(649, 649, ''),
(650, 650, ''),
(651, 651, ''),
(652, 652, ''),
(653, 653, ''),
(654, 654, ''),
(655, 655, ''),
(656, 656, ''),
(657, 657, ''),
(658, 658, ''),
(659, 659, ''),
(660, 660, ''),
(661, 661, ''),
(662, 662, ''),
(663, 663, ''),
(664, 664, ''),
(665, 665, ''),
(666, 666, ''),
(667, 667, ''),
(668, 668, ''),
(669, 669, ''),
(670, 670, ''),
(671, 671, ''),
(672, 672, ''),
(673, 673, ''),
(674, 674, ''),
(675, 675, ''),
(676, 676, ''),
(677, 677, ''),
(678, 678, ''),
(679, 679, ''),
(680, 680, ''),
(681, 681, ''),
(682, 682, ''),
(683, 683, ''),
(684, 684, ''),
(685, 685, ''),
(686, 686, ''),
(687, 687, ''),
(688, 688, ''),
(689, 689, ''),
(690, 690, ''),
(691, 691, ''),
(692, 692, ''),
(693, 693, ''),
(694, 694, ''),
(695, 695, ''),
(696, 696, ''),
(697, 697, ''),
(698, 698, ''),
(699, 699, ''),
(700, 700, ''),
(701, 701, ''),
(702, 702, ''),
(703, 703, ''),
(704, 704, ''),
(705, 705, ''),
(706, 706, ''),
(707, 707, ''),
(708, 708, ''),
(709, 709, ''),
(710, 710, ''),
(711, 711, ''),
(712, 712, ''),
(713, 713, ''),
(714, 714, ''),
(715, 715, ''),
(716, 716, ''),
(717, 717, ''),
(718, 718, ''),
(719, 719, ''),
(720, 720, ''),
(721, 721, ''),
(722, 722, ''),
(723, 723, ''),
(724, 724, ''),
(725, 725, ''),
(726, 726, ''),
(727, 727, ''),
(728, 728, ''),
(729, 729, ''),
(730, 730, ''),
(731, 731, ''),
(732, 732, ''),
(733, 733, ''),
(734, 734, ''),
(735, 735, ''),
(736, 736, ''),
(737, 737, ''),
(738, 738, ''),
(739, 739, ''),
(740, 740, ''),
(741, 741, ''),
(742, 742, ''),
(743, 743, ''),
(744, 744, ''),
(745, 745, ''),
(746, 746, ''),
(747, 747, ''),
(748, 748, ''),
(749, 749, ''),
(750, 750, ''),
(751, 751, ''),
(752, 752, ''),
(753, 753, ''),
(754, 754, ''),
(755, 755, ''),
(756, 756, ''),
(757, 757, ''),
(758, 758, ''),
(759, 759, ''),
(760, 760, ''),
(761, 761, ''),
(762, 762, ''),
(763, 763, ''),
(764, 764, ''),
(765, 765, ''),
(766, 766, ''),
(767, 767, ''),
(768, 768, ''),
(769, 769, ''),
(770, 770, ''),
(771, 771, ''),
(772, 772, ''),
(773, 773, ''),
(774, 774, ''),
(775, 775, ''),
(776, 776, ''),
(777, 777, ''),
(778, 778, ''),
(779, 779, ''),
(780, 780, ''),
(781, 781, ''),
(782, 782, ''),
(783, 783, ''),
(784, 784, ''),
(785, 785, ''),
(786, 786, ''),
(787, 787, ''),
(788, 788, ''),
(789, 789, ''),
(790, 790, ''),
(791, 791, ''),
(792, 792, ''),
(793, 793, ''),
(794, 794, ''),
(795, 795, ''),
(796, 796, ''),
(797, 797, ''),
(798, 798, ''),
(799, 799, ''),
(800, 800, ''),
(801, 801, ''),
(802, 802, ''),
(803, 803, ''),
(804, 804, ''),
(805, 805, ''),
(806, 806, ''),
(807, 807, ''),
(808, 808, ''),
(809, 809, ''),
(810, 810, ''),
(811, 811, ''),
(812, 812, ''),
(813, 813, ''),
(814, 814, ''),
(815, 815, ''),
(816, 816, ''),
(817, 817, ''),
(818, 818, ''),
(819, 819, ''),
(820, 820, ''),
(821, 821, ''),
(822, 822, ''),
(823, 823, ''),
(824, 824, ''),
(825, 825, ''),
(826, 826, ''),
(827, 827, ''),
(828, 828, ''),
(829, 829, ''),
(830, 830, ''),
(831, 831, ''),
(832, 832, ''),
(833, 833, ''),
(834, 834, ''),
(835, 835, ''),
(836, 836, ''),
(837, 837, ''),
(838, 838, ''),
(839, 839, ''),
(840, 840, ''),
(841, 841, ''),
(842, 842, ''),
(843, 843, ''),
(844, 844, ''),
(845, 845, ''),
(846, 846, ''),
(847, 847, ''),
(848, 848, ''),
(849, 849, ''),
(850, 850, ''),
(851, 851, ''),
(852, 852, ''),
(853, 853, ''),
(854, 854, ''),
(855, 855, ''),
(856, 856, ''),
(857, 857, ''),
(858, 858, ''),
(859, 859, ''),
(860, 860, ''),
(861, 861, ''),
(862, 862, ''),
(863, 863, ''),
(864, 864, ''),
(865, 865, ''),
(866, 866, ''),
(867, 867, ''),
(868, 868, ''),
(869, 869, ''),
(870, 870, ''),
(871, 871, ''),
(872, 872, ''),
(873, 873, ''),
(874, 874, ''),
(875, 875, ''),
(876, 876, ''),
(877, 877, ''),
(878, 878, ''),
(879, 879, ''),
(880, 880, ''),
(881, 881, ''),
(882, 882, ''),
(883, 883, ''),
(884, 884, ''),
(885, 885, ''),
(886, 886, ''),
(887, 887, ''),
(888, 888, ''),
(889, 889, ''),
(890, 890, ''),
(891, 891, ''),
(892, 892, ''),
(893, 893, ''),
(894, 894, ''),
(895, 895, ''),
(896, 896, ''),
(897, 897, ''),
(898, 898, ''),
(899, 899, ''),
(900, 900, ''),
(901, 901, ''),
(902, 902, ''),
(903, 903, ''),
(904, 904, ''),
(905, 905, ''),
(906, 906, ''),
(907, 907, ''),
(908, 908, ''),
(909, 909, ''),
(910, 910, ''),
(911, 911, ''),
(912, 912, ''),
(913, 913, ''),
(914, 914, ''),
(915, 915, ''),
(916, 916, ''),
(917, 917, ''),
(918, 918, ''),
(919, 919, ''),
(920, 920, ''),
(921, 921, ''),
(922, 922, ''),
(923, 923, ''),
(924, 924, ''),
(925, 925, ''),
(926, 926, ''),
(927, 927, ''),
(928, 928, ''),
(929, 929, ''),
(930, 930, ''),
(931, 931, ''),
(932, 932, ''),
(933, 933, ''),
(934, 934, ''),
(935, 935, ''),
(936, 936, ''),
(937, 937, ''),
(938, 938, ''),
(939, 939, ''),
(940, 940, ''),
(941, 941, ''),
(942, 942, ''),
(943, 943, ''),
(944, 944, ''),
(945, 945, ''),
(946, 946, ''),
(947, 947, ''),
(948, 948, ''),
(949, 949, ''),
(950, 950, ''),
(951, 951, ''),
(952, 952, ''),
(953, 953, ''),
(954, 954, ''),
(955, 955, ''),
(956, 956, ''),
(957, 957, ''),
(958, 958, ''),
(959, 959, ''),
(960, 960, ''),
(961, 961, ''),
(962, 962, ''),
(963, 963, ''),
(964, 964, ''),
(965, 965, ''),
(966, 966, ''),
(967, 967, ''),
(968, 968, ''),
(969, 969, ''),
(970, 970, ''),
(971, 971, ''),
(972, 972, ''),
(973, 973, ''),
(974, 974, ''),
(975, 975, ''),
(976, 976, ''),
(977, 977, ''),
(978, 978, ''),
(979, 979, ''),
(980, 980, ''),
(981, 981, ''),
(982, 982, ''),
(983, 983, ''),
(984, 984, ''),
(985, 985, ''),
(986, 986, ''),
(987, 987, ''),
(988, 988, ''),
(989, 989, ''),
(990, 990, ''),
(991, 991, ''),
(992, 992, ''),
(993, 993, ''),
(994, 994, ''),
(995, 995, ''),
(996, 996, ''),
(997, 997, ''),
(998, 998, ''),
(999, 999, ''),
(1000, 1000, ''),
(1001, 1001, ''),
(1002, 1002, ''),
(1003, 1003, ''),
(1004, 1004, ''),
(1005, 1005, ''),
(1006, 1006, ''),
(1007, 1007, ''),
(1008, 1008, ''),
(1009, 1009, ''),
(1010, 1010, ''),
(1011, 1011, ''),
(1012, 1012, ''),
(1013, 1013, ''),
(1014, 1014, ''),
(1015, 1015, ''),
(1016, 1016, ''),
(1017, 1017, ''),
(1018, 1018, ''),
(1019, 1019, ''),
(1020, 1020, ''),
(1021, 1021, ''),
(1022, 1022, ''),
(1023, 1023, ''),
(1024, 1024, ''),
(1025, 1025, ''),
(1026, 1026, ''),
(1027, 1027, ''),
(1028, 1028, ''),
(1029, 1029, ''),
(1030, 1030, ''),
(1031, 1031, ''),
(1032, 1032, ''),
(1033, 1033, ''),
(1034, 1034, ''),
(1035, 1035, ''),
(1036, 1036, ''),
(1037, 1037, ''),
(1038, 1038, ''),
(1039, 1039, ''),
(1040, 1040, ''),
(1041, 1041, ''),
(1042, 1042, ''),
(1043, 1043, ''),
(1044, 1044, ''),
(1045, 1045, ''),
(1046, 1046, ''),
(1047, 1047, ''),
(1048, 1048, ''),
(1049, 1049, ''),
(1050, 1050, ''),
(1051, 1051, ''),
(1052, 1052, ''),
(1053, 1053, ''),
(1054, 1054, ''),
(1055, 1055, ''),
(1056, 1056, ''),
(1057, 1057, ''),
(1058, 1058, ''),
(1059, 1059, ''),
(1060, 1060, ''),
(1061, 1061, ''),
(1062, 1062, ''),
(1063, 1063, ''),
(1064, 1064, ''),
(1065, 1065, ''),
(1066, 1066, ''),
(1067, 1067, ''),
(1068, 1068, ''),
(1069, 1069, ''),
(1070, 1070, ''),
(1071, 1071, ''),
(1072, 1072, ''),
(1073, 1073, ''),
(1074, 1074, ''),
(1075, 1075, ''),
(1076, 1076, ''),
(1077, 1077, ''),
(1078, 1078, ''),
(1079, 1079, ''),
(1080, 1080, ''),
(1081, 1081, ''),
(1082, 1082, ''),
(1083, 1083, ''),
(1084, 1084, ''),
(1085, 1085, ''),
(1086, 1086, ''),
(1087, 1087, ''),
(1088, 1088, ''),
(1089, 1089, ''),
(1090, 1090, ''),
(1091, 1091, ''),
(1092, 1092, ''),
(1093, 1093, ''),
(1094, 1094, ''),
(1095, 1095, ''),
(1096, 1096, ''),
(1097, 1097, ''),
(1098, 1098, ''),
(1099, 1099, ''),
(1100, 1100, ''),
(1101, 1101, ''),
(1102, 1102, ''),
(1103, 1103, ''),
(1104, 1104, ''),
(1105, 1105, ''),
(1106, 1106, ''),
(1107, 1107, ''),
(1108, 1108, ''),
(1109, 1109, ''),
(1110, 1110, ''),
(1111, 1111, ''),
(1112, 1112, ''),
(1113, 1113, ''),
(1114, 1114, ''),
(1115, 1115, ''),
(1116, 1116, ''),
(1117, 1117, ''),
(1118, 1118, ''),
(1119, 1119, ''),
(1120, 1120, ''),
(1121, 1121, ''),
(1122, 1122, ''),
(1123, 1123, ''),
(1124, 1124, ''),
(1125, 1125, ''),
(1126, 1126, ''),
(1127, 1127, ''),
(1128, 1128, ''),
(1129, 1129, ''),
(1130, 1130, ''),
(1131, 1131, ''),
(1132, 1132, '180.87.201.115'),
(1133, 1133, '180.87.201.115'),
(1134, 1134, '66.249.90.84'),
(1135, 1135, '66.249.90.84'),
(1136, 1136, '106.208.115.222'),
(1137, 1137, '180.87.201.115'),
(1138, 1138, '180.87.201.115'),
(1139, 1139, '180.87.201.115'),
(1140, 1140, '180.87.201.115'),
(1141, 1141, '180.87.201.115'),
(1142, 1142, '180.87.201.115'),
(1143, 1143, '180.87.201.115'),
(1144, 1144, '180.87.201.115'),
(1145, 1145, '180.87.201.115'),
(1146, 1146, '180.87.201.115'),
(1147, 1147, '180.87.201.115'),
(1148, 1148, '180.87.201.115'),
(1149, 1149, '180.87.201.115'),
(1150, 1150, '180.87.201.115'),
(1151, 1151, '180.87.201.115'),
(1152, 1152, '180.87.201.115'),
(1153, 1153, '180.87.201.115'),
(1154, 1154, '180.87.201.115'),
(1155, 1155, '180.87.201.115'),
(1156, 1156, '180.87.201.115'),
(1157, 1157, '180.87.201.115'),
(1158, 1158, '180.87.201.115'),
(1159, 1159, '180.87.201.115'),
(1160, 1160, '180.87.201.115'),
(1161, 1161, '180.87.201.115'),
(1162, 1162, '203.199.56.2'),
(1163, 1163, '180.87.201.115'),
(1164, 1164, '180.87.201.115'),
(1165, 1165, '180.87.201.115'),
(1166, 1166, '66.249.83.225'),
(1167, 1167, '66.249.90.84'),
(1168, 1168, '66.249.90.87'),
(1169, 1169, '66.249.65.160'),
(1170, 1170, '66.249.84.237'),
(1171, 1171, '66.249.83.231'),
(1172, 1172, '66.249.90.87'),
(1173, 1173, '66.249.65.185'),
(1174, 1174, '66.249.65.189'),
(1175, 1175, '180.87.201.115'),
(1176, 1176, '1.39.46.142'),
(1177, 1177, '180.87.201.115'),
(1178, 1178, '180.87.201.115'),
(1179, 1179, '66.249.84.186'),
(1180, 1180, '180.87.201.115'),
(1181, 1181, '180.87.201.115'),
(1182, 1182, '180.87.201.115'),
(1183, 1183, '180.87.201.115'),
(1184, 1184, '180.87.201.115'),
(1185, 1185, '180.87.201.115'),
(1186, 1186, '180.87.201.115'),
(1187, 1187, '180.87.201.115'),
(1188, 1188, '180.87.201.115'),
(1189, 1189, '180.87.201.115'),
(1190, 1190, '66.249.65.185'),
(1191, 1191, '180.87.201.115'),
(1192, 1192, '180.87.201.115'),
(1193, 1193, '74.125.56.193'),
(1194, 1194, '74.125.56.193'),
(1195, 1195, '180.87.201.115'),
(1196, 1196, '180.87.201.115'),
(1197, 1197, '180.87.201.115'),
(1198, 1198, '180.87.201.115'),
(1199, 1199, '180.87.201.115'),
(1200, 1200, '64.233.172.196'),
(1201, 1201, '74.125.56.193'),
(1202, 1202, '180.87.201.115'),
(1203, 1203, '180.87.201.115'),
(1204, 1204, '1.39.3.137'),
(1205, 1205, '1.39.3.137'),
(1206, 1206, '1.39.3.137'),
(1207, 1207, '180.87.201.115'),
(1208, 1208, '66.249.65.185'),
(1209, 1209, '107.170.164.163'),
(1210, 1210, '14.98.164.191'),
(1211, 1211, '14.98.164.191'),
(1212, 1212, '122.169.11.2'),
(1213, 1213, '66.249.90.90'),
(1214, 1214, '66.249.90.84'),
(1215, 1215, '74.125.56.193'),
(1216, 1216, '74.125.56.193'),
(1217, 1217, '74.125.56.193'),
(1218, 1218, '74.125.56.193'),
(1219, 1219, '74.125.56.193'),
(1220, 1220, '74.125.56.193'),
(1221, 1221, '74.125.56.193'),
(1222, 1222, '74.125.56.193'),
(1223, 1223, '74.125.56.193'),
(1224, 1224, '74.125.56.193'),
(1225, 1225, '66.249.90.87'),
(1226, 1226, '74.125.56.193'),
(1227, 1227, '74.125.56.193'),
(1228, 1228, '66.249.65.160'),
(1229, 1229, '64.233.172.196'),
(1230, 1230, '66.249.84.192'),
(1231, 1231, '66.249.84.186'),
(1232, 1232, '66.249.82.204'),
(1233, 1233, '66.249.82.195'),
(1234, 1234, '66.249.65.185'),
(1235, 1235, '37.228.106.245'),
(1236, 1236, '168.235.195.18'),
(1237, 1237, '66.249.65.185'),
(1238, 1238, '117.205.134.139'),
(1239, 1239, '49.14.198.56'),
(1240, 1240, '122.173.224.126'),
(1241, 1241, '1.186.223.232'),
(1242, 1242, '66.249.84.180'),
(1243, 1243, '66.249.65.160'),
(1244, 1244, '1.39.0.52'),
(1245, 1245, '1.39.0.52'),
(1246, 1246, '37.228.104.248'),
(1247, 1247, '27.59.150.124'),
(1248, 1248, '195.154.181.152'),
(1249, 1249, '195.154.181.152'),
(1250, 1250, '195.154.181.152'),
(1251, 1251, '118.103.142.2'),
(1252, 1252, '107.167.107.242'),
(1253, 1253, '203.199.56.2'),
(1254, 1254, '203.199.56.2'),
(1255, 1255, '14.195.49.118'),
(1256, 1256, '115.241.171.126'),
(1257, 1257, '1.39.27.233'),
(1258, 1258, '1.39.27.233'),
(1259, 1259, '121.245.11.16'),
(1260, 1260, '1.39.3.118'),
(1261, 1261, '1.39.60.151'),
(1262, 1262, '168.235.196.126'),
(1263, 1263, '168.235.196.126'),
(1264, 1264, '168.235.196.126'),
(1265, 1265, '66.249.90.84'),
(1266, 1266, '66.249.90.84'),
(1267, 1267, '106.66.181.51'),
(1268, 1268, '66.249.82.204'),
(1269, 1269, '37.228.104.97'),
(1270, 1270, '175.101.144.15'),
(1271, 1271, '66.249.65.193'),
(1272, 1272, '101.222.186.247'),
(1273, 1273, '101.222.186.247'),
(1274, 1274, '70.39.186.174'),
(1275, 1275, '117.212.140.194'),
(1276, 1276, '103.39.241.31'),
(1277, 1277, '103.39.241.31'),
(1278, 1278, '23.236.124.225'),
(1279, 1279, '103.39.241.31'),
(1280, 1280, '103.39.241.31'),
(1281, 1281, '103.39.241.31'),
(1282, 1282, '103.39.241.31'),
(1283, 1283, '103.39.241.31'),
(1284, 1284, '59.94.37.111'),
(1285, 1285, '103.39.241.31'),
(1286, 1286, '103.39.241.31'),
(1287, 1287, '103.39.241.31'),
(1288, 1288, '103.39.241.31'),
(1289, 1289, '103.39.241.31'),
(1290, 1290, '103.39.241.31'),
(1291, 1291, '117.207.226.37'),
(1292, 1292, '66.249.65.193'),
(1293, 1293, '117.201.144.95'),
(1294, 1294, '66.249.65.160'),
(1295, 1295, '42.107.175.152'),
(1296, 1296, '50.17.20.173'),
(1297, 1297, '66.249.90.87'),
(1298, 1298, '66.249.90.87'),
(1299, 1299, '106.76.36.133'),
(1300, 1300, '106.192.141.232'),
(1301, 1301, '37.228.106.47'),
(1302, 1302, '37.228.106.47'),
(1303, 1303, '117.200.147.188'),
(1304, 1304, '150.70.173.49'),
(1305, 1305, '106.219.14.84'),
(1306, 1306, '106.219.14.84'),
(1307, 1307, '125.18.235.210'),
(1308, 1308, '59.93.48.66'),
(1309, 1309, '125.18.235.210'),
(1310, 1310, '14.98.74.110'),
(1311, 1311, '49.202.145.86'),
(1312, 1312, '106.215.175.251'),
(1313, 1313, '101.63.212.44'),
(1314, 1314, '106.79.112.95'),
(1315, 1315, '49.14.92.244'),
(1316, 1316, '103.226.84.114'),
(1317, 1317, '122.161.237.202'),
(1318, 1318, '203.199.56.2'),
(1319, 1319, '203.199.56.2'),
(1320, 1320, '66.249.65.160'),
(1321, 1321, '66.249.65.193'),
(1322, 1322, '203.199.56.2'),
(1323, 1323, '203.199.56.2'),
(1324, 1324, '117.204.132.178'),
(1325, 1325, '117.204.132.178'),
(1326, 1326, '203.199.56.2'),
(1327, 1327, '203.199.56.2'),
(1328, 1328, '49.206.214.44'),
(1329, 1329, '49.206.214.44'),
(1330, 1330, '66.249.65.185'),
(1331, 1331, '66.249.65.189'),
(1332, 1332, '66.249.65.189'),
(1333, 1333, '1.39.2.251'),
(1334, 1334, '208.115.113.87'),
(1335, 1335, '92.63.88.43'),
(1336, 1336, '66.249.65.185'),
(1337, 1337, '66.249.90.90'),
(1338, 1338, '66.249.90.84'),
(1339, 1339, '107.167.107.46'),
(1340, 1340, '107.167.107.46'),
(1341, 1341, '107.167.107.46'),
(1342, 1342, '106.219.0.34'),
(1343, 1343, '115.249.25.252'),
(1344, 1344, '1.39.24.46'),
(1345, 1345, '1.39.24.46'),
(1346, 1346, '103.255.145.230'),
(1347, 1347, '117.222.244.152'),
(1348, 1348, '59.90.165.38'),
(1349, 1349, '59.90.165.38'),
(1350, 1350, '59.90.165.38'),
(1351, 1351, '59.88.203.250'),
(1352, 1352, '37.228.104.132'),
(1353, 1353, '37.228.104.132'),
(1354, 1354, '168.235.195.36'),
(1355, 1355, '168.235.195.36'),
(1356, 1356, '49.156.80.63'),
(1357, 1357, '117.198.6.243'),
(1358, 1358, '216.163.188.224'),
(1359, 1359, '117.200.167.220'),
(1360, 1360, '117.200.167.220'),
(1361, 1361, '216.38.216.197'),
(1362, 1362, '216.38.216.197'),
(1363, 1363, '216.38.216.197'),
(1364, 1364, '49.15.201.20'),
(1365, 1365, '112.79.38.140'),
(1366, 1366, '117.194.157.245'),
(1367, 1367, '117.194.157.245'),
(1368, 1368, '66.102.6.186'),
(1369, 1369, '66.102.6.204'),
(1370, 1370, '1.39.45.162'),
(1371, 1371, '182.66.60.162'),
(1372, 1372, '66.249.90.84'),
(1373, 1373, '66.249.90.90'),
(1374, 1374, '66.249.65.189'),
(1375, 1375, '14.97.147.241'),
(1376, 1376, '14.97.147.241'),
(1377, 1377, '223.227.147.236'),
(1378, 1378, '66.249.65.156'),
(1379, 1379, '168.235.194.235'),
(1380, 1380, '66.249.65.193'),
(1381, 1381, '117.245.60.248'),
(1382, 1382, '117.238.168.41'),
(1383, 1383, '117.226.21.173'),
(1384, 1384, '37.228.107.113'),
(1385, 1385, '37.228.107.113'),
(1386, 1386, '182.58.227.255'),
(1387, 1387, '117.228.216.243'),
(1388, 1388, '117.211.22.141'),
(1389, 1389, '66.249.65.156'),
(1390, 1390, '117.211.22.141'),
(1391, 1391, '117.211.22.141'),
(1392, 1392, '117.211.22.141'),
(1393, 1393, '117.211.22.141'),
(1394, 1394, '117.211.22.141'),
(1395, 1395, '117.239.17.226'),
(1396, 1396, '66.249.65.189'),
(1397, 1397, '125.18.235.210'),
(1398, 1398, '124.123.97.73'),
(1399, 1399, '107.167.107.25'),
(1400, 1400, '107.167.107.25'),
(1401, 1401, '70.39.187.96'),
(1402, 1402, '66.249.65.160'),
(1403, 1403, '37.228.107.3'),
(1404, 1404, '66.249.65.164'),
(1405, 1405, '75.98.9.250'),
(1406, 1406, '66.249.65.156'),
(1407, 1407, '124.124.190.207'),
(1408, 1408, '14.139.235.210'),
(1409, 1409, '106.220.12.187'),
(1410, 1410, '106.78.33.174'),
(1411, 1411, '59.99.185.105'),
(1412, 1412, '168.235.195.112'),
(1413, 1413, '112.133.214.133'),
(1414, 1414, '216.163.188.236'),
(1415, 1415, '66.249.65.160'),
(1416, 1416, '66.249.65.160'),
(1417, 1417, '120.57.223.55'),
(1418, 1418, '125.63.96.26'),
(1419, 1419, '106.66.165.252'),
(1420, 1420, '101.222.160.37'),
(1421, 1421, '1.39.24.96'),
(1422, 1422, '101.61.160.219'),
(1423, 1423, '223.236.225.154'),
(1424, 1424, '106.77.248.61'),
(1425, 1425, '106.77.248.61'),
(1426, 1426, '1.39.41.29'),
(1427, 1427, '1.39.41.29'),
(1428, 1428, '1.39.41.29'),
(1429, 1429, '106.221.153.118'),
(1430, 1430, '66.249.84.186'),
(1431, 1431, '37.228.106.122'),
(1432, 1432, '168.235.195.142'),
(1433, 1433, '168.235.195.142'),
(1434, 1434, '1.39.2.27'),
(1435, 1435, '1.39.2.27'),
(1436, 1436, '1.39.2.27'),
(1437, 1437, '66.249.65.156'),
(1438, 1438, '66.249.65.185'),
(1439, 1439, '66.249.65.164'),
(1440, 1440, '66.249.64.136'),
(1441, 1441, '66.249.90.90'),
(1442, 1442, '66.249.90.90'),
(1443, 1443, '66.249.65.160'),
(1444, 1444, '66.249.82.186'),
(1445, 1445, '27.255.209.227'),
(1446, 1446, '37.228.104.74'),
(1447, 1447, '1.39.0.12'),
(1448, 1448, '1.39.0.12'),
(1449, 1449, '66.249.65.193'),
(1450, 1450, '203.194.105.136'),
(1451, 1451, '122.15.54.145'),
(1452, 1452, '66.249.65.156'),
(1453, 1453, '202.65.129.162'),
(1454, 1454, '122.15.54.145'),
(1455, 1455, '117.221.201.196'),
(1456, 1456, '59.97.207.86'),
(1457, 1457, '1.38.17.88'),
(1458, 1458, '1.38.17.88'),
(1459, 1459, '70.39.186.74'),
(1460, 1460, '106.77.175.89'),
(1461, 1461, '106.208.124.241'),
(1462, 1462, '171.49.253.246'),
(1463, 1463, '1.39.45.228'),
(1464, 1464, '1.39.45.228'),
(1465, 1465, '216.145.17.190'),
(1466, 1466, '66.249.84.180'),
(1467, 1467, '66.249.65.160'),
(1468, 1468, '66.249.90.114'),
(1469, 1469, '66.249.90.117'),
(1470, 1470, '74.125.56.193'),
(1471, 1471, '66.249.65.160'),
(1472, 1472, '66.249.88.198'),
(1473, 1473, '66.249.65.164'),
(1474, 1474, '66.249.90.87'),
(1475, 1475, '66.249.90.84'),
(1476, 1476, '107.155.70.234'),
(1477, 1477, '66.249.65.185'),
(1478, 1478, '103.39.241.31'),
(1479, 1479, '101.221.134.65'),
(1480, 1480, '101.221.134.65'),
(1481, 1481, '66.249.90.84'),
(1482, 1482, '66.249.65.160'),
(1483, 1483, '117.211.22.143'),
(1484, 1484, '198.148.27.2'),
(1485, 1485, '198.148.27.17'),
(1486, 1486, '117.211.22.143'),
(1487, 1487, '72.52.179.235'),
(1488, 1488, '66.249.84.180'),
(1489, 1489, '66.102.6.204'),
(1490, 1490, '1.39.46.153'),
(1491, 1491, '66.249.83.225'),
(1492, 1492, '72.14.199.109'),
(1493, 1493, '72.14.199.109'),
(1494, 1494, '157.55.39.56'),
(1495, 1495, '66.249.79.76'),
(1496, 1496, '1.39.1.117'),
(1497, 1497, '72.14.199.103'),
(1498, 1498, '72.14.199.97'),
(1499, 1499, '66.249.79.76'),
(1500, 1500, '66.249.79.68'),
(1501, 1501, '66.249.16.212'),
(1502, 1502, '66.249.84.180'),
(1503, 1503, '117.201.148.33'),
(1504, 1504, '66.249.79.68'),
(1505, 1505, '66.249.79.68'),
(1506, 1506, '66.249.79.84'),
(1507, 1507, '66.249.79.84'),
(1508, 1508, '72.14.199.103'),
(1509, 1509, '66.249.79.76'),
(1510, 1510, '66.249.79.151'),
(1511, 1511, '66.249.79.135'),
(1512, 1512, '66.249.79.68'),
(1513, 1513, '66.249.79.143'),
(1514, 1514, '72.14.199.97'),
(1515, 1515, '66.249.79.76'),
(1516, 1516, '1.39.45.222'),
(1517, 1517, '1.39.45.222'),
(1518, 1518, '1.39.45.222'),
(1519, 1519, '1.39.45.222'),
(1520, 1520, '1.39.45.222'),
(1521, 1521, '66.249.79.76'),
(1522, 1522, '66.249.84.186'),
(1523, 1523, '66.249.82.213'),
(1524, 1524, '66.249.79.151'),
(1525, 1525, '66.249.79.68'),
(1526, 1526, '66.249.79.76'),
(1527, 1527, '72.14.199.109'),
(1528, 1528, '72.14.199.97'),
(1529, 1529, '14.99.184.241'),
(1530, 1530, '113.193.29.83'),
(1531, 1531, '113.193.29.83'),
(1532, 1532, '66.249.79.84'),
(1533, 1533, '66.249.79.84'),
(1534, 1534, '14.99.18.32'),
(1535, 1535, '14.99.18.32'),
(1536, 1536, '14.99.18.32'),
(1537, 1537, '195.154.181.152'),
(1538, 1538, '195.154.181.152'),
(1539, 1539, '195.154.181.152'),
(1540, 1540, '195.154.181.152'),
(1541, 1541, '195.154.181.152'),
(1542, 1542, '195.154.181.152'),
(1543, 1543, '66.249.79.76'),
(1544, 1544, '66.249.79.143'),
(1545, 1545, '66.249.79.143'),
(1546, 1546, '72.14.199.103'),
(1547, 1547, '72.14.199.109'),
(1548, 1548, '66.249.79.151'),
(1549, 1549, '66.249.79.143'),
(1550, 1550, '66.249.84.186'),
(1551, 1551, '66.249.79.135'),
(1552, 1552, '66.249.79.143'),
(1553, 1553, '1.39.46.174'),
(1554, 1554, '72.14.199.97'),
(1555, 1555, '72.14.199.97'),
(1556, 1556, '203.199.56.2'),
(1557, 1557, '66.249.84.225'),
(1558, 1558, '66.249.83.231'),
(1559, 1559, '72.14.199.97'),
(1560, 1560, '72.14.199.109'),
(1561, 1561, '66.249.79.84'),
(1562, 1562, '72.14.199.109'),
(1563, 1563, '72.14.199.103'),
(1564, 1564, '66.249.79.84'),
(1565, 1565, '72.14.199.109'),
(1566, 1566, '1.23.237.242'),
(1567, 1567, '1.23.237.242'),
(1568, 1568, '150.70.97.118'),
(1569, 1569, '1.23.237.242'),
(1570, 1570, '1.23.237.242'),
(1571, 1571, '1.23.237.242'),
(1572, 1572, '1.23.237.242'),
(1573, 1573, '1.23.237.242'),
(1574, 1574, '1.23.237.242'),
(1575, 1575, '1.23.237.242'),
(1576, 1576, '1.23.237.242'),
(1577, 1577, '150.70.173.9'),
(1578, 1578, '1.23.237.242'),
(1579, 1579, '1.23.237.242'),
(1580, 1580, '103.29.158.101'),
(1581, 1581, '103.29.158.101'),
(1582, 1582, '103.29.158.101'),
(1583, 1583, '103.29.158.101'),
(1584, 1584, '103.29.158.101'),
(1585, 1585, '103.29.158.101'),
(1586, 1586, '103.29.158.101'),
(1587, 1587, '103.29.158.101'),
(1588, 1588, '103.29.158.101'),
(1589, 1589, '64.246.165.210'),
(1590, 1590, '66.249.79.84'),
(1591, 1591, '72.14.199.109'),
(1592, 1592, '72.14.199.103'),
(1593, 1593, '66.249.79.68'),
(1594, 1594, '66.249.79.143'),
(1595, 1595, '66.249.79.84'),
(1596, 1596, '117.195.103.45'),
(1597, 1597, '117.195.103.45'),
(1598, 1598, '117.195.103.45'),
(1599, 1599, '117.195.103.45'),
(1600, 1600, '117.195.103.45'),
(1601, 1601, '117.195.103.45'),
(1602, 1602, '117.195.103.45'),
(1603, 1603, '150.70.173.59'),
(1604, 1604, '150.70.173.59'),
(1605, 1605, '54.197.61.47'),
(1606, 1606, '1.39.3.56'),
(1607, 1607, '72.14.199.109'),
(1608, 1608, '86.110.226.29'),
(1609, 1609, '66.249.79.68'),
(1610, 1610, '66.249.79.135'),
(1611, 1611, '103.39.241.31'),
(1612, 1612, '103.39.241.31'),
(1613, 1613, '103.39.241.31'),
(1614, 1614, '103.39.241.31'),
(1615, 1615, '103.39.241.31'),
(1616, 1616, '103.39.241.31'),
(1617, 1617, '103.39.241.31'),
(1618, 1618, '103.39.241.31'),
(1619, 1619, '66.249.79.68'),
(1620, 1620, '66.249.79.143'),
(1621, 1621, '66.249.79.76'),
(1622, 1622, '66.249.79.151'),
(1623, 1623, '66.249.79.143'),
(1624, 1624, '173.49.24.118'),
(1625, 1625, '1.39.1.95'),
(1626, 1626, '72.14.199.109'),
(1627, 1627, '72.14.199.97'),
(1628, 1628, '72.14.199.103'),
(1629, 1629, '107.167.107.106'),
(1630, 1630, '66.249.83.237'),
(1631, 1631, '66.249.83.231'),
(1632, 1632, '72.14.199.109'),
(1633, 1633, '66.249.79.135'),
(1634, 1634, '72.14.199.97'),
(1635, 1635, '203.199.56.2'),
(1636, 1636, '106.79.161.211'),
(1637, 1637, '203.199.56.2'),
(1638, 1638, '104.131.193.180'),
(1639, 1639, '66.249.79.143'),
(1640, 1640, '72.14.199.109'),
(1641, 1641, '1.23.227.150'),
(1642, 1642, '1.23.227.150'),
(1643, 1643, '1.23.227.150'),
(1644, 1644, '1.23.227.150'),
(1645, 1645, '150.70.173.57'),
(1646, 1646, '66.249.16.212'),
(1647, 1647, '66.249.84.186'),
(1648, 1648, '1.23.232.226'),
(1649, 1649, '1.23.232.226'),
(1650, 1650, '1.23.232.226'),
(1651, 1651, '1.23.232.226'),
(1652, 1652, '72.14.199.97'),
(1653, 1653, '203.199.56.2'),
(1654, 1654, '203.199.56.2'),
(1655, 1655, '66.249.79.68'),
(1656, 1656, '117.248.165.6'),
(1657, 1657, '117.248.165.6'),
(1658, 1658, '117.248.165.6'),
(1659, 1659, '66.249.90.90'),
(1660, 1660, '66.249.90.84'),
(1661, 1661, '66.249.65.185'),
(1662, 1662, '103.29.158.182'),
(1663, 1663, '103.29.158.182'),
(1664, 1664, '103.29.158.182'),
(1665, 1665, '103.29.158.182'),
(1666, 1666, '103.29.158.182'),
(1667, 1667, '103.29.158.182'),
(1668, 1668, '216.163.188.234'),
(1669, 1669, '176.9.50.42'),
(1670, 1670, '1.38.22.28'),
(1671, 1671, '37.228.105.84'),
(1672, 1672, '66.249.65.160'),
(1673, 1673, '1.39.3.40'),
(1674, 1674, '1.39.46.48'),
(1675, 1675, '14.96.40.44'),
(1676, 1676, '14.96.40.44'),
(1677, 1677, '14.99.15.148'),
(1678, 1678, '117.201.144.255'),
(1679, 1679, '66.249.90.84'),
(1680, 1680, '66.249.90.90'),
(1681, 1681, '120.62.16.211'),
(1682, 1682, '120.62.16.211'),
(1683, 1683, '176.9.50.42'),
(1684, 1684, '66.249.90.90'),
(1685, 1685, '66.249.90.87'),
(1686, 1686, '1.23.237.172'),
(1687, 1687, '1.23.237.172'),
(1688, 1688, '150.70.173.53'),
(1689, 1689, '150.70.173.44'),
(1690, 1690, '1.23.237.172'),
(1691, 1691, '1.23.237.172'),
(1692, 1692, '1.23.237.172'),
(1693, 1693, '1.23.237.172'),
(1694, 1694, '1.23.237.172'),
(1695, 1695, '1.23.237.172'),
(1696, 1696, '1.23.237.172'),
(1697, 1697, '1.23.237.172'),
(1698, 1698, '1.23.237.172'),
(1699, 1699, '117.195.109.223'),
(1700, 1700, '203.199.56.2'),
(1701, 1701, '66.249.90.94'),
(1702, 1702, '66.249.90.98'),
(1703, 1703, '66.249.88.192'),
(1704, 1704, '66.249.65.156'),
(1705, 1705, '203.199.56.2'),
(1706, 1706, '66.249.65.193'),
(1707, 1707, '64.74.215.140'),
(1708, 1708, '64.74.215.140'),
(1709, 1709, '59.94.120.174'),
(1710, 1710, '150.70.97.126'),
(1711, 1711, '66.249.90.94'),
(1712, 1712, '66.249.90.94'),
(1713, 1713, '66.249.88.189'),
(1714, 1714, '1.23.232.234'),
(1715, 1715, '1.23.232.234'),
(1716, 1716, '150.70.173.5'),
(1717, 1717, '150.70.173.43'),
(1718, 1718, '66.249.84.232'),
(1719, 1719, '64.246.161.30'),
(1720, 1720, '66.249.65.189'),
(1721, 1721, '59.88.99.35'),
(1722, 1722, '59.88.99.35'),
(1723, 1723, '150.70.173.5'),
(1724, 1724, '150.70.173.40'),
(1725, 1725, '59.88.99.35'),
(1726, 1726, '150.70.97.120'),
(1727, 1727, '1.39.1.55'),
(1728, 1728, '66.249.90.90'),
(1729, 1729, '66.249.90.94'),
(1730, 1730, '103.29.156.250'),
(1731, 1731, '103.29.156.250'),
(1732, 1732, '103.29.156.250'),
(1733, 1733, '103.29.156.250'),
(1734, 1734, '103.29.156.250'),
(1735, 1735, '103.29.156.250'),
(1736, 1736, '103.29.156.250'),
(1737, 1737, '103.29.156.250'),
(1738, 1738, '103.29.156.250'),
(1739, 1739, '103.29.156.250'),
(1740, 1740, '103.29.156.250'),
(1741, 1741, '103.29.156.250'),
(1742, 1742, '103.29.156.250'),
(1743, 1743, '117.248.131.149'),
(1744, 1744, '1.39.0.187'),
(1745, 1745, '1.39.0.187'),
(1746, 1746, '1.39.0.187'),
(1747, 1747, '1.39.2.140'),
(1748, 1748, '66.249.90.94'),
(1749, 1749, '66.249.90.90'),
(1750, 1750, '66.249.65.160'),
(1751, 1751, '1.39.45.239'),
(1752, 1752, '1.39.45.239'),
(1753, 1753, '1.39.3.247'),
(1754, 1754, '1.39.3.247'),
(1755, 1755, '72.14.199.105'),
(1756, 1756, '72.14.199.105'),
(1757, 1757, '66.249.79.144'),
(1758, 1758, '72.14.199.105'),
(1759, 1759, '72.14.199.111'),
(1760, 1760, '66.249.79.85'),
(1761, 1761, '66.249.79.136'),
(1762, 1762, '117.248.167.215'),
(1763, 1763, '103.29.156.250'),
(1764, 1764, '103.29.156.250'),
(1765, 1765, '103.29.156.250'),
(1766, 1766, '103.29.156.250'),
(1767, 1767, '103.29.156.250'),
(1768, 1768, '103.29.156.250'),
(1769, 1769, '103.29.156.250'),
(1770, 1770, '103.29.156.250'),
(1771, 1771, '103.29.156.250'),
(1772, 1772, '103.29.156.250'),
(1773, 1773, '103.29.156.250'),
(1774, 1774, '103.29.156.250'),
(1775, 1775, '103.29.156.250'),
(1776, 1776, '103.29.156.250'),
(1777, 1777, '103.29.156.250'),
(1778, 1778, '103.29.156.250'),
(1779, 1779, '1.39.3.17'),
(1780, 1780, '1.39.3.17'),
(1781, 1781, '1.39.3.17'),
(1782, 1782, '1.39.3.17'),
(1783, 1783, '66.249.88.189'),
(1784, 1784, '103.29.156.250'),
(1785, 1785, '103.29.156.250'),
(1786, 1786, '103.29.156.250'),
(1787, 1787, '103.29.156.250'),
(1788, 1788, '103.29.156.250'),
(1789, 1789, '103.29.156.250'),
(1790, 1790, '103.29.156.250'),
(1791, 1791, '103.29.156.250'),
(1792, 1792, '103.29.156.250'),
(1793, 1793, '103.29.156.250'),
(1794, 1794, '103.29.156.250'),
(1795, 1795, '103.29.156.250'),
(1796, 1796, '103.29.156.250'),
(1797, 1797, '103.39.241.31'),
(1798, 1798, '103.29.156.250'),
(1799, 1799, '103.29.156.250'),
(1800, 1800, '103.39.241.31'),
(1801, 1801, '103.39.241.31'),
(1802, 1802, '103.39.241.31'),
(1803, 1803, '103.39.241.31'),
(1804, 1804, '103.29.156.250'),
(1805, 1805, '103.29.156.250'),
(1806, 1806, '103.29.156.250'),
(1807, 1807, '103.29.156.250'),
(1808, 1808, '103.39.241.31'),
(1809, 1809, '103.29.156.250'),
(1810, 1810, '103.29.156.250'),
(1811, 1811, '103.29.156.250'),
(1812, 1812, '1.39.46.72'),
(1813, 1813, '103.29.156.250'),
(1814, 1814, '103.29.156.250'),
(1815, 1815, '72.14.199.111'),
(1816, 1816, '72.14.199.105'),
(1817, 1817, '120.62.19.248'),
(1818, 1818, '120.62.19.248'),
(1819, 1819, '120.62.19.248'),
(1820, 1820, '120.62.19.248'),
(1821, 1821, '103.29.156.250'),
(1822, 1822, '103.29.156.250'),
(1823, 1823, '103.39.241.31'),
(1824, 1824, '103.39.241.31'),
(1825, 1825, '103.39.241.31'),
(1826, 1826, '120.62.19.248'),
(1827, 1827, '120.62.19.248'),
(1828, 1828, '120.62.19.248'),
(1829, 1829, '66.249.83.244'),
(1830, 1830, '120.62.19.248'),
(1831, 1831, '120.62.19.248'),
(1832, 1832, '120.62.19.248'),
(1833, 1833, '120.62.19.248'),
(1834, 1834, '120.62.19.248'),
(1835, 1835, '120.62.19.248'),
(1836, 1836, '49.200.48.130'),
(1837, 1837, '163.47.12.3'),
(1838, 1838, '66.249.79.69'),
(1839, 1839, '72.14.199.111'),
(1840, 1840, '66.249.79.77'),
(1841, 1841, '50.93.249.212'),
(1842, 1842, '50.93.249.212'),
(1843, 1843, '50.93.249.212'),
(1844, 1844, '103.29.156.250'),
(1845, 1845, '103.228.39.48'),
(1846, 1846, '103.228.39.48'),
(1847, 1847, '216.163.188.232'),
(1848, 1848, '66.249.79.144'),
(1849, 1849, '66.249.79.85'),
(1850, 1850, '72.14.199.105'),
(1851, 1851, '103.29.156.250'),
(1852, 1852, '103.29.156.250'),
(1853, 1853, '66.249.79.152'),
(1854, 1854, '66.249.79.69'),
(1855, 1855, '66.249.79.69'),
(1856, 1856, '1.39.2.9'),
(1857, 1857, '1.39.2.9'),
(1858, 1858, '66.249.79.144'),
(1859, 1859, '66.249.79.152'),
(1860, 1860, '72.14.199.105'),
(1861, 1861, '66.249.79.77'),
(1862, 1862, '66.249.79.144'),
(1863, 1863, '66.249.79.136'),
(1864, 1864, '66.249.79.85'),
(1865, 1865, '66.249.79.85'),
(1866, 1866, '66.249.79.152'),
(1867, 1867, '1.39.40.117'),
(1868, 1868, '66.249.79.144'),
(1869, 1869, '66.249.79.85'),
(1870, 1870, '66.249.79.152'),
(1871, 1871, '72.14.199.105'),
(1872, 1872, '120.62.38.193'),
(1873, 1873, '120.62.38.193'),
(1874, 1874, '120.62.38.193'),
(1875, 1875, '120.62.38.193'),
(1876, 1876, '120.62.38.193'),
(1877, 1877, '66.249.79.152'),
(1878, 1878, '120.62.38.193'),
(1879, 1879, '120.62.38.193'),
(1880, 1880, '120.62.38.193'),
(1881, 1881, '120.62.38.193'),
(1882, 1882, '120.62.38.193'),
(1883, 1883, '120.62.38.193'),
(1884, 1884, '120.62.38.193'),
(1885, 1885, '120.62.38.193'),
(1886, 1886, '120.62.38.193'),
(1887, 1887, '120.62.38.193'),
(1888, 1888, '120.62.38.193'),
(1889, 1889, '120.62.38.193'),
(1890, 1890, '120.62.38.193'),
(1891, 1891, '120.62.38.193'),
(1892, 1892, '120.62.38.193'),
(1893, 1893, '120.62.38.193'),
(1894, 1894, '120.62.38.193'),
(1895, 1895, '120.62.38.193'),
(1896, 1896, '120.62.38.193'),
(1897, 1897, '120.62.38.193'),
(1898, 1898, '120.62.38.193'),
(1899, 1899, '120.62.38.193'),
(1900, 1900, '120.62.38.193'),
(1901, 1901, '120.62.38.193'),
(1902, 1902, '120.62.38.193'),
(1903, 1903, '120.62.38.193'),
(1904, 1904, '120.62.38.193'),
(1905, 1905, '120.62.38.193'),
(1906, 1906, '120.62.38.193'),
(1907, 1907, '120.62.38.193'),
(1908, 1908, '120.62.38.193'),
(1909, 1909, '120.62.38.193'),
(1910, 1910, '120.62.38.193'),
(1911, 1911, '120.62.38.193'),
(1912, 1912, '120.62.38.193'),
(1913, 1913, '120.62.38.193'),
(1914, 1914, '66.249.79.152'),
(1915, 1915, '120.62.38.193'),
(1916, 1916, '120.62.38.193'),
(1917, 1917, '120.62.38.193'),
(1918, 1918, '120.62.38.193'),
(1919, 1919, '120.62.38.193'),
(1920, 1920, '66.102.7.178'),
(1921, 1921, '120.62.38.193'),
(1922, 1922, '120.62.38.193'),
(1923, 1923, '120.62.38.193'),
(1924, 1924, '120.62.38.193'),
(1925, 1925, '120.62.38.193'),
(1926, 1926, '120.62.38.193'),
(1927, 1927, '120.62.38.193'),
(1928, 1928, '120.62.38.193'),
(1929, 1929, '120.62.38.193'),
(1930, 1930, '120.62.38.193'),
(1931, 1931, '120.62.38.193'),
(1932, 1932, '120.62.38.193'),
(1933, 1933, '120.62.38.193'),
(1934, 1934, '120.62.38.193'),
(1935, 1935, '120.62.38.193'),
(1936, 1936, '120.62.38.193'),
(1937, 1937, '66.249.79.85'),
(1938, 1938, '120.62.17.28'),
(1939, 1939, '120.62.17.28'),
(1940, 1940, '66.249.92.105'),
(1941, 1941, '66.249.92.105'),
(1942, 1942, '66.249.67.69'),
(1943, 1943, '120.62.17.28'),
(1944, 1944, '120.62.17.28'),
(1945, 1945, '120.62.17.28'),
(1946, 1946, '120.62.17.28'),
(1947, 1947, '120.62.17.28'),
(1948, 1948, '120.62.17.28'),
(1949, 1949, '106.51.141.69'),
(1950, 1950, '106.51.141.69'),
(1951, 1951, '106.51.141.69'),
(1952, 1952, '106.51.141.69'),
(1953, 1953, '106.51.141.69'),
(1954, 1954, '120.62.17.28'),
(1955, 1955, '120.62.17.28'),
(1956, 1956, '120.62.17.28'),
(1957, 1957, '120.62.17.28'),
(1958, 1958, '120.62.17.28'),
(1959, 1959, '120.62.17.28'),
(1960, 1960, '120.62.17.28'),
(1961, 1961, '120.62.17.28'),
(1962, 1962, '120.62.17.28'),
(1963, 1963, '120.62.17.28'),
(1964, 1964, '120.62.17.28'),
(1965, 1965, '120.62.17.28'),
(1966, 1966, '120.62.17.28'),
(1967, 1967, '120.62.17.28'),
(1968, 1968, '120.62.17.28'),
(1969, 1969, '120.62.17.28'),
(1970, 1970, '120.62.17.28'),
(1971, 1971, '120.62.17.28'),
(1972, 1972, '66.249.79.144'),
(1973, 1973, '66.249.84.187'),
(1974, 1974, '120.62.17.28'),
(1975, 1975, '120.62.17.28'),
(1976, 1976, '120.62.31.26'),
(1977, 1977, '120.62.31.26'),
(1978, 1978, '72.14.199.105'),
(1979, 1979, '72.14.199.117'),
(1980, 1980, '216.109.99.4'),
(1981, 1981, '216.109.99.4'),
(1982, 1982, '216.109.99.4'),
(1983, 1983, '120.62.31.26'),
(1984, 1984, '120.62.31.26'),
(1985, 1985, '120.62.29.6'),
(1986, 1986, '66.249.79.77'),
(1987, 1987, '66.249.88.189'),
(1988, 1988, '66.249.90.90'),
(1989, 1989, '66.249.90.94'),
(1990, 1990, '62.212.73.49'),
(1991, 1991, '216.109.99.4'),
(1992, 1992, '120.62.29.6'),
(1993, 1993, '64.246.165.210'),
(1994, 1994, '120.62.54.14'),
(1995, 1995, '120.62.54.14'),
(1996, 1996, '120.62.54.14'),
(1997, 1997, '120.62.54.14'),
(1998, 1998, '120.62.54.14'),
(1999, 1999, '120.62.54.14'),
(2000, 2000, '120.62.54.14'),
(2001, 2001, '216.109.99.4'),
(2002, 2002, '216.109.99.4'),
(2003, 2003, '54.83.146.249'),
(2004, 2004, '120.62.54.14'),
(2005, 2005, '66.249.65.193'),
(2006, 2006, '120.62.54.14'),
(2007, 2007, '66.249.65.193'),
(2008, 2008, '120.62.54.14'),
(2009, 2009, '120.62.54.14'),
(2010, 2010, '120.62.29.35'),
(2011, 2011, '66.249.83.232'),
(2012, 2012, '120.62.29.35'),
(2013, 2013, '120.62.29.35'),
(2014, 2014, '66.249.90.94'),
(2015, 2015, '66.249.90.98'),
(2016, 2016, '120.62.29.35'),
(2017, 2017, '120.62.29.35'),
(2018, 2018, '120.62.29.35'),
(2019, 2019, '120.62.29.35'),
(2020, 2020, '120.62.49.44'),
(2021, 2021, '120.62.49.44'),
(2022, 2022, '103.29.156.14'),
(2023, 2023, '103.29.156.14'),
(2024, 2024, '103.29.156.14'),
(2025, 2025, '103.29.156.14'),
(2026, 2026, '103.29.156.14'),
(2027, 2027, '103.29.156.14'),
(2028, 2028, '103.29.156.14'),
(2029, 2029, '103.29.156.14'),
(2030, 2030, '103.29.156.14'),
(2031, 2031, '66.249.65.156'),
(2032, 2032, '103.29.156.14'),
(2033, 2033, '120.62.49.44'),
(2034, 2034, '120.62.49.44'),
(2035, 2035, '120.62.49.44'),
(2036, 2036, '120.62.49.44'),
(2037, 2037, '66.249.65.160'),
(2038, 2038, '120.62.49.44'),
(2039, 2039, '1.39.46.108'),
(2040, 2040, '66.249.90.98'),
(2041, 2041, '66.249.90.98'),
(2042, 2042, '14.99.135.214'),
(2043, 2043, '14.99.135.214'),
(2044, 2044, '86.110.226.29'),
(2045, 2045, '120.62.11.67'),
(2046, 2046, '120.62.11.67'),
(2047, 2047, '66.249.84.199'),
(2048, 2048, '66.249.82.211'),
(2049, 2049, '66.249.65.156'),
(2050, 2050, '120.62.29.137'),
(2051, 2051, '120.62.29.137'),
(2052, 2052, '120.62.29.137'),
(2053, 2053, '120.62.29.137'),
(2054, 2054, '120.62.29.137'),
(2055, 2055, '120.62.29.137'),
(2056, 2056, '120.62.29.137'),
(2057, 2057, '66.249.90.90'),
(2058, 2058, '66.249.90.98'),
(2059, 2059, '66.249.65.193'),
(2060, 2060, '120.62.4.81'),
(2061, 2061, '120.62.4.81'),
(2062, 2062, '120.62.4.81'),
(2063, 2063, '120.62.4.81'),
(2064, 2064, '66.249.90.90'),
(2065, 2065, '66.249.90.90'),
(2066, 2066, '66.249.84.193'),
(2067, 2067, '120.62.39.153'),
(2068, 2068, '1.39.2.1'),
(2069, 2069, '1.39.2.1'),
(2070, 2070, '120.62.39.153'),
(2071, 2071, '120.62.39.153'),
(2072, 2072, '120.62.39.153'),
(2073, 2073, '66.249.84.244'),
(2074, 2074, '66.249.90.94'),
(2075, 2075, '66.249.65.160'),
(2076, 2076, '120.62.43.142'),
(2077, 2077, '176.123.6.127'),
(2078, 2078, '66.249.90.98'),
(2079, 2079, '162.243.37.159'),
(2080, 2080, '66.249.90.98'),
(2081, 2081, '1.39.46.223'),
(2082, 2082, '66.249.84.187'),
(2083, 2083, '66.249.88.189'),
(2084, 2084, '66.249.65.185'),
(2085, 2085, '66.249.90.98'),
(2086, 2086, '66.249.65.193'),
(2087, 2087, '66.249.65.156'),
(2088, 2088, '66.249.84.193'),
(2089, 2089, '66.249.90.98'),
(2090, 2090, '1.39.46.36'),
(2091, 2091, '1.39.46.36'),
(2092, 2092, '1.39.46.36'),
(2093, 2093, '1.39.46.36'),
(2094, 2094, '66.249.90.94'),
(2095, 2095, '66.249.90.90'),
(2096, 2096, '209.190.113.85'),
(2097, 2097, '209.190.113.85'),
(2098, 2098, '209.190.113.85'),
(2099, 2099, '209.190.113.85'),
(2100, 2100, '209.190.113.85'),
(2101, 2101, '66.249.65.160'),
(2102, 2102, '120.62.51.217'),
(2103, 2103, '120.62.51.217'),
(2104, 2104, '120.62.51.217'),
(2105, 2105, '66.249.65.193'),
(2106, 2106, '66.249.90.94'),
(2107, 2107, '66.249.90.98'),
(2108, 2108, '66.249.65.156'),
(2109, 2109, '120.62.23.76'),
(2110, 2110, '85.113.55.152'),
(2111, 2111, '66.249.65.156'),
(2112, 2112, '66.249.65.156'),
(2113, 2113, '120.62.23.76'),
(2114, 2114, '120.62.23.76'),
(2115, 2115, '120.62.23.76'),
(2116, 2116, '120.62.23.76'),
(2117, 2117, '64.233.172.212'),
(2118, 2118, '66.249.90.94'),
(2119, 2119, '64.246.165.170'),
(2120, 2120, '69.84.207.246'),
(2121, 2121, '69.84.207.246'),
(2122, 2122, '69.84.207.246'),
(2123, 2123, '69.84.207.246'),
(2124, 2124, '1.39.3.215'),
(2125, 2125, '66.249.90.94'),
(2126, 2126, '66.249.90.98'),
(2127, 2127, '66.102.6.202'),
(2128, 2128, '203.199.56.2'),
(2129, 2129, '66.249.82.202'),
(2130, 2130, '66.249.90.98'),
(2131, 2131, '66.249.90.94'),
(2132, 2132, '66.249.88.189'),
(2133, 2133, '120.62.18.28'),
(2134, 2134, '120.62.18.28'),
(2135, 2135, '120.62.18.28'),
(2136, 2136, '120.62.18.28'),
(2137, 2137, '120.62.18.28'),
(2138, 2138, '120.62.18.28'),
(2139, 2139, '120.62.18.28'),
(2140, 2140, '66.249.65.156'),
(2141, 2141, '120.62.18.28'),
(2142, 2142, '120.62.18.28'),
(2143, 2143, '120.62.18.28'),
(2144, 2144, '120.62.18.28'),
(2145, 2145, '120.62.18.28'),
(2146, 2146, '64.233.172.212'),
(2147, 2147, '120.62.18.28'),
(2148, 2148, '120.62.18.28'),
(2149, 2149, '120.62.18.28'),
(2150, 2150, '120.62.18.28'),
(2151, 2151, '120.62.18.28'),
(2152, 2152, '120.62.18.28'),
(2153, 2153, '120.62.18.28'),
(2154, 2154, '120.62.18.28'),
(2155, 2155, '120.62.18.28'),
(2156, 2156, '120.62.18.28'),
(2157, 2157, '120.62.18.28'),
(2158, 2158, '120.62.18.28'),
(2159, 2159, '120.62.18.28'),
(2160, 2160, '120.62.18.28'),
(2161, 2161, '120.62.18.28'),
(2162, 2162, '120.62.18.28'),
(2163, 2163, '120.62.18.28'),
(2164, 2164, '120.62.18.28'),
(2165, 2165, '120.62.18.28'),
(2166, 2166, '120.62.18.28'),
(2167, 2167, '120.62.18.28'),
(2168, 2168, '120.62.18.28'),
(2169, 2169, '120.62.18.28'),
(2170, 2170, '120.62.18.28'),
(2171, 2171, '66.249.90.90'),
(2172, 2172, '66.249.90.94'),
(2173, 2173, '66.249.67.69'),
(2174, 2174, '66.102.6.211'),
(2175, 2175, '66.249.67.69'),
(2176, 2176, '66.249.92.117'),
(2177, 2177, '66.249.92.117'),
(2178, 2178, '66.249.67.144'),
(2179, 2179, '120.62.16.155'),
(2180, 2180, '120.62.16.155'),
(2181, 2181, '120.62.16.155'),
(2182, 2182, '120.62.16.155'),
(2183, 2183, '120.62.16.155'),
(2184, 2184, '120.62.16.155'),
(2185, 2185, '120.62.16.155'),
(2186, 2186, '120.62.16.155'),
(2187, 2187, '120.62.16.155'),
(2188, 2188, '120.62.16.155'),
(2189, 2189, '120.62.16.155'),
(2190, 2190, '120.62.16.155'),
(2191, 2191, '120.62.16.155'),
(2192, 2192, '120.62.16.155'),
(2193, 2193, '120.62.16.155'),
(2194, 2194, '120.62.15.25'),
(2195, 2195, '120.62.15.25'),
(2196, 2196, '120.62.15.25'),
(2197, 2197, '66.249.92.111'),
(2198, 2198, '66.249.92.105'),
(2199, 2199, '66.102.6.211'),
(2200, 2200, '66.249.67.85'),
(2201, 2201, '120.62.15.25'),
(2202, 2202, '120.62.15.25'),
(2203, 2203, '120.62.15.25'),
(2204, 2204, '120.62.15.25'),
(2205, 2205, '120.62.15.25'),
(2206, 2206, '66.249.92.105'),
(2207, 2207, '66.249.67.144'),
(2208, 2208, '1.39.1.12'),
(2209, 2209, '1.39.1.12'),
(2210, 2210, '66.102.6.203'),
(2211, 2211, '66.249.67.152'),
(2212, 2212, '66.249.92.117'),
(2213, 2213, '66.249.92.105'),
(2214, 2214, '66.249.83.244'),
(2215, 2215, '43.247.137.74'),
(2216, 2216, '43.247.137.74'),
(2217, 2217, '43.247.137.74'),
(2218, 2218, '66.249.92.111'),
(2219, 2219, '66.249.92.105'),
(2220, 2220, '148.251.77.34'),
(2221, 2221, '66.249.92.111'),
(2222, 2222, '66.249.67.69'),
(2223, 2223, '66.102.6.194'),
(2224, 2224, '72.14.199.105'),
(2225, 2225, '66.249.79.85'),
(2226, 2226, '66.102.6.194'),
(2227, 2227, '148.251.77.34'),
(2228, 2228, '72.14.199.117'),
(2229, 2229, '66.249.79.136'),
(2230, 2230, '66.249.79.144'),
(2231, 2231, '72.14.199.117'),
(2232, 2232, '1.39.1.144'),
(2233, 2233, '1.39.1.144'),
(2234, 2234, '72.14.199.117'),
(2235, 2235, '66.249.79.144'),
(2236, 2236, '72.14.199.105'),
(2237, 2237, '72.14.199.105'),
(2238, 2238, '54.197.168.183'),
(2239, 2239, '120.62.11.216'),
(2240, 2240, '96.47.226.21'),
(2241, 2241, '120.62.21.179'),
(2242, 2242, '120.62.21.179'),
(2243, 2243, '120.62.21.179'),
(2244, 2244, '64.246.165.160'),
(2245, 2245, '188.213.143.23'),
(2246, 2246, '54.144.232.180'),
(2247, 2247, '72.14.199.117'),
(2248, 2248, '72.14.199.111'),
(2249, 2249, '66.249.84.232'),
(2250, 2250, '77.247.181.165'),
(2251, 2251, '66.249.79.152'),
(2252, 2252, '66.249.79.77'),
(2253, 2253, '66.249.84.199'),
(2254, 2254, '120.62.0.42'),
(2255, 2255, '66.249.90.90'),
(2256, 2256, '66.249.90.94'),
(2257, 2257, '66.102.6.186'),
(2258, 2258, '66.249.65.160'),
(2259, 2259, '120.62.42.161'),
(2260, 2260, '120.62.42.161'),
(2261, 2261, '120.62.42.161'),
(2262, 2262, '120.62.42.161'),
(2263, 2263, '120.62.42.161'),
(2264, 2264, '120.62.42.161'),
(2265, 2265, '120.62.42.161'),
(2266, 2266, '120.62.42.161'),
(2267, 2267, '120.62.42.161'),
(2268, 2268, '120.62.42.161'),
(2269, 2269, '120.62.42.161'),
(2270, 2270, '120.62.42.161'),
(2271, 2271, '120.62.42.161'),
(2272, 2272, '1.39.1.112'),
(2273, 2273, '94.242.246.24'),
(2274, 2274, '86.110.226.29'),
(2275, 2275, '194.150.168.79'),
(2276, 2276, '66.249.90.98'),
(2277, 2277, '66.249.90.98'),
(2278, 2278, '66.249.65.185'),
(2279, 2279, '66.249.65.164'),
(2280, 2280, '66.249.65.185'),
(2281, 2281, '120.62.26.199'),
(2282, 2282, '66.249.90.90'),
(2283, 2283, '66.249.90.90'),
(2284, 2284, '195.154.181.152'),
(2285, 2285, '195.154.181.152'),
(2286, 2286, '195.154.181.152'),
(2287, 2287, '66.249.65.185'),
(2288, 2288, '66.249.90.90'),
(2289, 2289, '66.249.84.232'),
(2290, 2290, '66.249.84.199'),
(2291, 2291, '66.249.82.203'),
(2292, 2292, '66.249.65.185'),
(2293, 2293, '66.249.90.98'),
(2294, 2294, '66.249.90.90'),
(2295, 2295, '120.62.23.101'),
(2296, 2296, '120.62.23.101'),
(2297, 2297, '120.62.23.101'),
(2298, 2298, '120.62.50.60'),
(2299, 2299, '120.62.50.60'),
(2300, 2300, '120.62.50.60'),
(2301, 2301, '120.62.50.60'),
(2302, 2302, '120.62.50.60'),
(2303, 2303, '120.62.50.60'),
(2304, 2304, '120.62.50.60'),
(2305, 2305, '120.62.50.60'),
(2306, 2306, '120.62.50.60'),
(2307, 2307, '120.62.50.60'),
(2308, 2308, '120.62.50.60'),
(2309, 2309, '120.62.50.60'),
(2310, 2310, '120.62.50.60'),
(2311, 2311, '120.62.50.60'),
(2312, 2312, '120.62.50.60'),
(2313, 2313, '120.62.50.60'),
(2314, 2314, '120.62.50.60'),
(2315, 2315, '120.62.50.60');
INSERT INTO `hits` (`slno`, `count`, `page`) VALUES
(2316, 2316, '120.62.50.60'),
(2317, 2317, '120.62.50.60'),
(2318, 2318, '120.62.50.60'),
(2319, 2319, '120.62.50.60'),
(2320, 2320, '120.62.50.60'),
(2321, 2321, '120.62.50.60'),
(2322, 2322, '120.62.50.60'),
(2323, 2323, '66.249.65.193'),
(2324, 2324, '66.249.90.94'),
(2325, 2325, '66.249.90.98'),
(2326, 2326, '66.102.6.194'),
(2327, 2327, '66.249.65.185'),
(2328, 2328, '180.76.4.115'),
(2329, 2329, '66.249.65.164'),
(2330, 2330, '66.249.90.94'),
(2331, 2331, '66.249.65.185'),
(2332, 2332, '66.249.90.90'),
(2333, 2333, '66.249.90.94'),
(2334, 2334, '66.249.90.94'),
(2335, 2335, '66.249.65.156'),
(2336, 2336, '66.249.65.189'),
(2337, 2337, '66.249.65.160'),
(2338, 2338, '66.249.65.160'),
(2339, 2339, '216.145.5.42'),
(2340, 2340, '180.76.5.18'),
(2341, 2341, '180.76.6.132'),
(2342, 2342, '66.249.90.98'),
(2343, 2343, '66.249.90.98'),
(2344, 2344, '1.23.234.36'),
(2345, 2345, '1.23.234.36'),
(2346, 2346, '1.23.234.36'),
(2347, 2347, '1.23.234.36'),
(2348, 2348, '1.23.234.36'),
(2349, 2349, '1.23.234.36'),
(2350, 2350, '1.23.234.36'),
(2351, 2351, '150.70.173.56'),
(2352, 2352, '1.23.234.36'),
(2353, 2353, '1.23.234.36'),
(2354, 2354, '1.23.234.36'),
(2355, 2355, '150.70.173.58'),
(2356, 2356, '1.23.234.36'),
(2357, 2357, '1.23.234.36'),
(2358, 2358, '1.23.234.36'),
(2359, 2359, '1.23.234.36'),
(2360, 2360, '1.23.234.36'),
(2361, 2361, '1.23.234.36'),
(2362, 2362, '1.23.234.36'),
(2363, 2363, '1.23.234.36'),
(2364, 2364, '209.249.5.250'),
(2365, 2365, '209.249.5.250'),
(2366, 2366, '1.23.234.36'),
(2367, 2367, '1.23.234.36'),
(2368, 2368, '1.23.234.36'),
(2369, 2369, '1.23.234.36'),
(2370, 2370, '1.23.234.36'),
(2371, 2371, '1.23.234.36'),
(2372, 2372, '1.23.234.36'),
(2373, 2373, '1.23.234.36'),
(2374, 2374, '1.23.234.36'),
(2375, 2375, '1.23.234.36'),
(2376, 2376, '1.23.234.36'),
(2377, 2377, '1.23.234.36'),
(2378, 2378, '1.23.234.36'),
(2379, 2379, '1.23.234.36'),
(2380, 2380, '1.23.234.36'),
(2381, 2381, '1.23.234.36'),
(2382, 2382, '1.23.234.36'),
(2383, 2383, '1.23.234.36'),
(2384, 2384, '1.23.234.36'),
(2385, 2385, '1.23.234.36'),
(2386, 2386, '1.23.234.36'),
(2387, 2387, '1.23.234.36'),
(2388, 2388, '1.23.234.36'),
(2389, 2389, '1.23.234.36'),
(2390, 2390, '1.23.234.36'),
(2391, 2391, '66.249.90.94'),
(2392, 2392, '66.249.90.94'),
(2393, 2393, '66.102.6.194'),
(2394, 2394, '1.39.2.27'),
(2395, 2395, '1.39.2.27'),
(2396, 2396, '64.233.172.212'),
(2397, 2397, '59.88.99.121'),
(2398, 2398, '59.88.99.121'),
(2399, 2399, '150.70.97.113'),
(2400, 2400, '150.70.97.124'),
(2401, 2401, '59.88.99.121'),
(2402, 2402, '59.88.99.121'),
(2403, 2403, '59.88.99.121'),
(2404, 2404, '59.88.99.121'),
(2405, 2405, '150.70.173.55'),
(2406, 2406, '59.88.99.121'),
(2407, 2407, '59.88.99.121'),
(2408, 2408, '150.70.173.37'),
(2409, 2409, '120.62.16.243'),
(2410, 2410, '120.62.16.243'),
(2411, 2411, '120.62.16.243'),
(2412, 2412, '120.62.16.243'),
(2413, 2413, '66.249.65.189'),
(2414, 2414, '66.249.90.94'),
(2415, 2415, '182.48.233.17'),
(2416, 2416, '182.48.233.17'),
(2417, 2417, '1.23.47.160'),
(2418, 2418, '66.249.90.90'),
(2419, 2419, '66.249.90.98'),
(2420, 2420, '66.249.65.185'),
(2421, 2421, '64.233.172.211'),
(2422, 2422, '1.39.1.217'),
(2423, 2423, '180.76.5.196'),
(2424, 2424, '180.76.6.14'),
(2425, 2425, '66.249.65.164'),
(2426, 2426, '66.249.90.94'),
(2427, 2427, '66.249.90.94'),
(2428, 2428, '180.76.5.177'),
(2429, 2429, '66.102.7.241'),
(2430, 2430, '66.249.92.105'),
(2431, 2431, '66.249.92.105'),
(2432, 2432, '120.62.46.213'),
(2433, 2433, '120.62.46.213'),
(2434, 2434, '1.23.46.42'),
(2435, 2435, '150.70.173.53'),
(2436, 2436, '150.70.173.38'),
(2437, 2437, '72.14.199.117'),
(2438, 2438, '72.14.199.117'),
(2439, 2439, '1.23.46.42'),
(2440, 2440, '120.62.9.211'),
(2441, 2441, '120.62.9.211'),
(2442, 2442, '66.249.79.69'),
(2443, 2443, '72.14.199.111'),
(2444, 2444, '72.14.199.117'),
(2445, 2445, '120.62.9.211'),
(2446, 2446, '120.62.9.211'),
(2447, 2447, '120.62.9.211'),
(2448, 2448, '120.62.9.211'),
(2449, 2449, '66.249.84.187'),
(2450, 2450, '66.249.79.136'),
(2451, 2451, '66.249.79.85'),
(2452, 2452, '120.62.44.12'),
(2453, 2453, '120.62.44.12'),
(2454, 2454, '103.228.39.14'),
(2455, 2455, '103.228.39.14'),
(2456, 2456, '103.228.39.14'),
(2457, 2457, '103.228.39.14'),
(2458, 2458, '103.228.39.14'),
(2459, 2459, '216.163.188.227'),
(2460, 2460, '216.38.216.197'),
(2461, 2461, '216.38.216.197'),
(2462, 2462, '216.38.216.197'),
(2463, 2463, '120.62.44.12'),
(2464, 2464, '120.62.44.12'),
(2465, 2465, '120.62.44.12'),
(2466, 2466, '120.62.44.12'),
(2467, 2467, '180.76.5.166'),
(2468, 2468, '66.249.79.77'),
(2469, 2469, '66.249.84.244'),
(2470, 2470, '66.249.79.69'),
(2471, 2471, '180.76.5.74'),
(2472, 2472, '72.14.199.117'),
(2473, 2473, '72.14.199.105'),
(2474, 2474, '66.249.82.194'),
(2475, 2475, '120.62.23.214'),
(2476, 2476, '1.23.238.27'),
(2477, 2477, '1.23.238.27'),
(2478, 2478, '1.23.238.27'),
(2479, 2479, '180.76.5.144'),
(2480, 2480, '1.23.238.27'),
(2481, 2481, '72.14.199.117'),
(2482, 2482, '72.14.199.105'),
(2483, 2483, '66.102.6.202'),
(2484, 2484, '66.249.79.69'),
(2485, 2485, '66.249.79.152'),
(2486, 2486, '66.249.79.152'),
(2487, 2487, '72.14.199.105'),
(2488, 2488, '72.14.199.117'),
(2489, 2489, '66.249.79.85'),
(2490, 2490, '66.249.79.136'),
(2491, 2491, '180.76.5.190'),
(2492, 2492, '66.249.79.77'),
(2493, 2493, '216.145.17.190'),
(2494, 2494, '66.249.79.69'),
(2495, 2495, '66.249.79.85'),
(2496, 2496, '72.14.199.117'),
(2497, 2497, '72.14.199.117'),
(2498, 2498, '180.76.6.52'),
(2499, 2499, '188.143.232.72'),
(2500, 2500, '66.249.84.187'),
(2501, 2501, '66.249.79.136'),
(2502, 2502, '66.249.79.152'),
(2503, 2503, '72.14.199.111'),
(2504, 2504, '72.14.199.111'),
(2505, 2505, '72.14.199.105'),
(2506, 2506, '66.249.84.232'),
(2507, 2507, '54.211.138.82'),
(2508, 2508, '180.76.6.57'),
(2509, 2509, '72.14.199.111'),
(2510, 2510, '180.76.6.147'),
(2511, 2511, '86.110.226.29'),
(2512, 2512, '180.76.6.28'),
(2513, 2513, '66.249.90.94'),
(2514, 2514, '66.249.90.98'),
(2515, 2515, '66.249.88.192'),
(2516, 2516, '66.249.65.156'),
(2517, 2517, '86.110.226.29'),
(2518, 2518, '176.10.104.227'),
(2519, 2519, '176.10.104.227'),
(2520, 2520, '176.10.104.227'),
(2521, 2521, '176.10.104.227'),
(2522, 2522, '176.10.104.227'),
(2523, 2523, '66.249.90.94'),
(2524, 2524, '66.249.90.90'),
(2525, 2525, '66.249.84.193'),
(2526, 2526, '180.76.5.63'),
(2527, 2527, '66.249.65.189'),
(2528, 2528, '66.249.90.98'),
(2529, 2529, '66.249.90.98'),
(2530, 2530, '185.10.104.196'),
(2531, 2531, '66.249.65.185'),
(2532, 2532, '66.249.65.189'),
(2533, 2533, '66.249.65.156'),
(2534, 2534, '66.249.90.94'),
(2535, 2535, '66.249.90.98'),
(2536, 2536, '66.102.6.194'),
(2537, 2537, '1.186.76.17'),
(2538, 2538, '1.186.76.17'),
(2539, 2539, '1.186.76.17'),
(2540, 2540, '1.186.76.17'),
(2541, 2541, '1.186.76.17'),
(2542, 2542, '203.187.208.140'),
(2543, 2543, '216.163.188.229'),
(2544, 2544, '203.187.208.140'),
(2545, 2545, '203.187.208.140'),
(2546, 2546, '203.187.208.140'),
(2547, 2547, '203.187.208.140'),
(2548, 2548, '203.187.208.140'),
(2549, 2549, '66.249.90.98'),
(2550, 2550, '66.249.90.90'),
(2551, 2551, '180.76.6.20'),
(2552, 2552, '66.249.65.156'),
(2553, 2553, '203.199.56.2'),
(2554, 2554, '203.199.56.2'),
(2555, 2555, '203.199.56.2'),
(2556, 2556, '203.199.56.2'),
(2557, 2557, '203.199.56.2'),
(2558, 2558, '203.199.56.2'),
(2559, 2559, '203.199.56.2'),
(2560, 2560, '203.199.56.2'),
(2561, 2561, '203.199.56.2'),
(2562, 2562, '203.199.56.2'),
(2563, 2563, '203.199.56.2'),
(2564, 2564, '203.199.56.2'),
(2565, 2565, '66.249.84.238'),
(2566, 2566, '66.249.84.187'),
(2567, 2567, '120.62.54.165'),
(2568, 2568, '1.186.76.17'),
(2569, 2569, '66.249.65.164'),
(2570, 2570, '66.249.82.203'),
(2571, 2571, '66.249.90.90'),
(2572, 2572, '66.249.90.94'),
(2573, 2573, '180.76.5.77'),
(2574, 2574, '64.246.161.42'),
(2575, 2575, '120.62.54.220'),
(2576, 2576, '120.62.54.220'),
(2577, 2577, '120.62.54.220'),
(2578, 2578, '120.62.44.99'),
(2579, 2579, '120.62.44.99'),
(2580, 2580, '216.163.188.231'),
(2581, 2581, '120.62.44.99'),
(2582, 2582, '120.62.44.99'),
(2583, 2583, '120.62.44.99'),
(2584, 2584, '120.62.44.99'),
(2585, 2585, '120.62.44.99'),
(2586, 2586, '120.62.44.99'),
(2587, 2587, '120.62.44.99'),
(2588, 2588, '66.249.90.98'),
(2589, 2589, '66.249.90.90'),
(2590, 2590, '180.76.5.168'),
(2591, 2591, '66.249.90.94'),
(2592, 2592, '66.249.90.98'),
(2593, 2593, '66.249.65.244'),
(2594, 2594, '180.76.6.158'),
(2595, 2595, '66.249.65.244'),
(2596, 2596, '66.249.93.164'),
(2597, 2597, '173.49.24.119'),
(2598, 2598, '1.39.3.245'),
(2599, 2599, '1.39.3.245'),
(2600, 2600, '66.249.90.90'),
(2601, 2601, '66.249.90.94'),
(2602, 2602, '203.199.56.2'),
(2603, 2603, '120.62.18.136'),
(2604, 2604, '120.62.18.136'),
(2605, 2605, '120.62.18.136'),
(2606, 2606, '120.62.18.136'),
(2607, 2607, '120.62.18.136'),
(2608, 2608, '120.62.18.136'),
(2609, 2609, '120.62.18.136'),
(2610, 2610, '120.62.18.136'),
(2611, 2611, '216.163.188.223'),
(2612, 2612, '120.62.18.136'),
(2613, 2613, '120.62.18.136'),
(2614, 2614, '120.62.18.136'),
(2615, 2615, '120.62.18.136'),
(2616, 2616, '66.249.90.98'),
(2617, 2617, '66.249.90.94'),
(2618, 2618, '66.249.65.177'),
(2619, 2619, '1.186.41.18'),
(2620, 2620, '1.186.41.18'),
(2621, 2621, '1.186.41.18'),
(2622, 2622, '120.62.18.136'),
(2623, 2623, '120.62.18.136'),
(2624, 2624, '120.62.18.136'),
(2625, 2625, '216.163.188.234'),
(2626, 2626, '120.62.18.136'),
(2627, 2627, '120.62.18.136'),
(2628, 2628, '120.62.18.136'),
(2629, 2629, '120.62.45.45'),
(2630, 2630, '66.102.6.194'),
(2631, 2631, '120.62.45.45'),
(2632, 2632, '120.62.45.45'),
(2633, 2633, '120.62.45.45'),
(2634, 2634, '120.62.45.45'),
(2635, 2635, '120.62.45.45'),
(2636, 2636, '120.62.45.45'),
(2637, 2637, '120.62.45.45'),
(2638, 2638, '120.62.45.45'),
(2639, 2639, '120.62.45.45'),
(2640, 2640, '66.249.65.184'),
(2641, 2641, '120.62.45.45'),
(2642, 2642, '180.76.6.65'),
(2643, 2643, '180.76.6.66'),
(2644, 2644, '66.249.65.184'),
(2645, 2645, '1.186.41.18'),
(2646, 2646, '66.249.90.94'),
(2647, 2647, '66.249.90.94'),
(2648, 2648, '180.76.6.144'),
(2649, 2649, '72.14.199.105'),
(2650, 2650, '72.14.199.117'),
(2651, 2651, '180.76.5.28'),
(2652, 2652, '43.248.253.139'),
(2653, 2653, '216.163.188.235'),
(2654, 2654, '72.14.199.111'),
(2655, 2655, '72.14.199.105'),
(2656, 2656, '66.249.84.187'),
(2657, 2657, '142.4.218.156'),
(2658, 2658, '142.4.218.156'),
(2659, 2659, '142.4.218.156'),
(2660, 2660, '72.14.199.111'),
(2661, 2661, '72.14.199.117'),
(2662, 2662, '66.249.79.210'),
(2663, 2663, '72.14.199.117'),
(2664, 2664, '72.14.199.111'),
(2665, 2665, '66.249.79.118'),
(2666, 2666, '180.76.5.72'),
(2667, 2667, '66.102.8.174'),
(2668, 2668, '120.62.21.243'),
(2669, 2669, '120.62.21.243'),
(2670, 2670, '120.62.21.243'),
(2671, 2671, '120.62.21.243'),
(2672, 2672, '216.163.188.236'),
(2673, 2673, '72.14.199.105'),
(2674, 2674, '72.14.199.117'),
(2675, 2675, '180.76.5.144'),
(2676, 2676, '120.62.24.251'),
(2677, 2677, '120.62.24.251'),
(2678, 2678, '120.62.24.251'),
(2679, 2679, '120.62.24.251'),
(2680, 2680, '120.62.24.251'),
(2681, 2681, '120.62.24.251'),
(2682, 2682, '120.62.24.251'),
(2683, 2683, '120.62.24.251'),
(2684, 2684, '66.249.79.105'),
(2685, 2685, '72.14.199.111'),
(2686, 2686, '72.14.199.111'),
(2687, 2687, '66.249.79.118'),
(2688, 2688, '66.249.79.222'),
(2689, 2689, '120.62.5.67'),
(2690, 2690, '66.102.6.202'),
(2691, 2691, '14.96.46.239'),
(2692, 2692, '14.96.46.239'),
(2693, 2693, '14.96.46.239'),
(2694, 2694, '14.96.46.239'),
(2695, 2695, '14.96.46.239'),
(2696, 2696, '14.96.46.239'),
(2697, 2697, '14.96.46.239'),
(2698, 2698, '120.62.5.67'),
(2699, 2699, '66.249.84.187'),
(2700, 2700, '64.246.165.170'),
(2701, 2701, '72.14.199.111'),
(2702, 2702, '72.14.199.111'),
(2703, 2703, '66.249.79.118'),
(2704, 2704, '1.186.76.17'),
(2705, 2705, '1.186.76.17'),
(2706, 2706, '180.76.5.155'),
(2707, 2707, '180.76.5.188'),
(2708, 2708, '49.205.190.138'),
(2709, 2709, '180.76.5.61'),
(2710, 2710, '66.249.79.131'),
(2711, 2711, '72.14.199.105'),
(2712, 2712, '72.14.199.111'),
(2713, 2713, '1.186.37.20'),
(2714, 2714, '1.186.37.20'),
(2715, 2715, '1.186.37.20'),
(2716, 2716, '72.14.199.117'),
(2717, 2717, '72.14.199.117'),
(2718, 2718, '66.249.79.234'),
(2719, 2719, '180.76.5.81'),
(2720, 2720, '72.14.199.117'),
(2721, 2721, '72.14.199.111'),
(2722, 2722, '59.94.52.174'),
(2723, 2723, '59.94.52.174'),
(2724, 2724, '59.94.52.174'),
(2725, 2725, '59.94.52.174'),
(2726, 2726, '66.249.93.164'),
(2727, 2727, '120.62.14.235'),
(2728, 2728, '66.249.92.111'),
(2729, 2729, '66.249.92.117'),
(2730, 2730, '54.145.204.244'),
(2731, 2731, '180.76.15.18'),
(2732, 2732, '180.76.15.148'),
(2733, 2733, '66.249.90.94'),
(2734, 2734, '66.249.90.90'),
(2735, 2735, '86.110.226.29'),
(2736, 2736, '178.175.128.50'),
(2737, 2737, '66.102.8.174'),
(2738, 2738, '66.249.65.177'),
(2739, 2739, '66.249.90.90'),
(2740, 2740, '66.249.90.90'),
(2741, 2741, '66.249.65.237'),
(2742, 2742, '66.249.90.98'),
(2743, 2743, '66.249.90.94'),
(2744, 2744, '66.249.90.94'),
(2745, 2745, '66.249.90.94'),
(2746, 2746, '180.76.15.6'),
(2747, 2747, '180.76.15.135'),
(2748, 2748, '66.249.65.230'),
(2749, 2749, '66.249.90.98'),
(2750, 2750, '66.249.90.94'),
(2751, 2751, '66.249.90.98'),
(2752, 2752, '66.249.90.94'),
(2753, 2753, '66.102.6.194'),
(2754, 2754, '66.249.90.98'),
(2755, 2755, '66.249.90.98'),
(2756, 2756, '43.248.253.91'),
(2757, 2757, '43.248.253.91'),
(2758, 2758, '43.248.253.91'),
(2759, 2759, '120.62.30.168'),
(2760, 2760, '43.248.253.91'),
(2761, 2761, '106.194.92.134'),
(2762, 2762, '106.194.92.134'),
(2763, 2763, '106.194.92.134'),
(2764, 2764, '106.194.92.134'),
(2765, 2765, '1.186.76.17'),
(2766, 2766, '180.76.15.150'),
(2767, 2767, '66.249.90.90'),
(2768, 2768, '66.249.90.90'),
(2769, 2769, '120.62.23.121'),
(2770, 2770, '120.62.23.121'),
(2771, 2771, '120.62.23.121'),
(2772, 2772, '120.62.23.121'),
(2773, 2773, '120.62.23.121'),
(2774, 2774, '120.62.23.121'),
(2775, 2775, '120.62.23.121'),
(2776, 2776, '120.62.23.121'),
(2777, 2777, '182.48.232.18'),
(2778, 2778, '182.48.232.18'),
(2779, 2779, '182.48.232.18'),
(2780, 2780, '101.56.112.171'),
(2781, 2781, '66.102.6.194'),
(2782, 2782, '64.246.161.30'),
(2783, 2783, '120.62.23.121'),
(2784, 2784, '66.249.90.94'),
(2785, 2785, '66.249.90.98'),
(2786, 2786, '180.76.15.139'),
(2787, 2787, '180.76.15.163'),
(2788, 2788, '180.76.15.26'),
(2789, 2789, '66.249.90.98'),
(2790, 2790, '66.249.90.90'),
(2791, 2791, '120.62.10.136'),
(2792, 2792, '120.62.10.136'),
(2793, 2793, '120.62.10.136'),
(2794, 2794, '120.62.10.136'),
(2795, 2795, '120.62.10.136'),
(2796, 2796, '120.62.10.136'),
(2797, 2797, '120.62.10.136'),
(2798, 2798, '120.62.10.136'),
(2799, 2799, '120.62.10.136'),
(2800, 2800, '66.249.90.98'),
(2801, 2801, '66.249.90.98'),
(2802, 2802, '62.212.68.156'),
(2803, 2803, '120.62.4.7'),
(2804, 2804, '120.62.4.7'),
(2805, 2805, '120.62.4.7'),
(2806, 2806, '120.62.4.7'),
(2807, 2807, '120.62.4.7'),
(2808, 2808, '120.62.4.7'),
(2809, 2809, '120.62.4.7'),
(2810, 2810, '120.62.4.7'),
(2811, 2811, '120.62.4.7'),
(2812, 2812, '120.62.4.7'),
(2813, 2813, '66.249.90.98'),
(2814, 2814, '66.249.90.98'),
(2815, 2815, '203.199.56.2'),
(2816, 2816, '203.199.56.2'),
(2817, 2817, '203.199.56.2'),
(2818, 2818, '203.199.56.2'),
(2819, 2819, '203.199.56.2'),
(2820, 2820, '203.199.56.2'),
(2821, 2821, '203.199.56.2'),
(2822, 2822, '203.199.56.2'),
(2823, 2823, '203.199.56.2'),
(2824, 2824, '180.76.15.10'),
(2825, 2825, '120.62.10.52'),
(2826, 2826, '66.249.90.90'),
(2827, 2827, '66.249.90.90'),
(2828, 2828, '66.249.65.244'),
(2829, 2829, '66.249.65.244'),
(2830, 2830, '66.249.83.244'),
(2831, 2831, '180.76.15.29'),
(2832, 2832, '66.249.65.230'),
(2833, 2833, '66.249.90.90'),
(2834, 2834, '66.249.90.94'),
(2835, 2835, '66.249.65.184'),
(2836, 2836, '54.161.84.153'),
(2837, 2837, '120.62.2.75'),
(2838, 2838, '120.62.2.75'),
(2839, 2839, '120.62.2.75'),
(2840, 2840, '120.62.2.75'),
(2841, 2841, '120.62.2.75'),
(2842, 2842, '120.62.2.75'),
(2843, 2843, '120.62.2.75'),
(2844, 2844, '120.62.2.75'),
(2845, 2845, '66.249.90.90'),
(2846, 2846, '66.249.90.94'),
(2847, 2847, '120.62.6.16'),
(2848, 2848, '120.62.6.16'),
(2849, 2849, '1.39.45.132'),
(2850, 2850, '1.39.45.132'),
(2851, 2851, '120.62.6.16'),
(2852, 2852, '66.102.8.169'),
(2853, 2853, '180.76.15.34'),
(2854, 2854, '66.249.90.90'),
(2855, 2855, '66.249.65.191'),
(2856, 2856, '1.39.8.75'),
(2857, 2857, '1.39.8.75'),
(2858, 2858, '1.39.46.241'),
(2859, 2859, '180.76.15.13'),
(2860, 2860, '72.14.199.111'),
(2861, 2861, '72.14.199.111'),
(2862, 2862, '180.76.15.149'),
(2863, 2863, '180.76.15.136'),
(2864, 2864, '121.243.22.130'),
(2865, 2865, '121.243.22.130'),
(2866, 2866, '72.14.199.105'),
(2867, 2867, '72.14.199.111'),
(2868, 2868, '45.55.192.204'),
(2869, 2869, '203.199.56.2'),
(2870, 2870, '203.199.56.2'),
(2871, 2871, '203.199.56.2'),
(2872, 2872, '203.199.56.2'),
(2873, 2873, '203.199.56.2'),
(2874, 2874, '203.199.56.2'),
(2875, 2875, '182.70.41.156'),
(2876, 2876, '216.163.188.233'),
(2877, 2877, '120.62.18.102'),
(2878, 2878, '120.62.18.102'),
(2879, 2879, '120.62.18.102'),
(2880, 2880, '120.62.18.102'),
(2881, 2881, '120.62.18.102'),
(2882, 2882, '120.62.47.65'),
(2883, 2883, '120.62.47.65'),
(2884, 2884, '120.62.47.65'),
(2885, 2885, '120.62.47.65'),
(2886, 2886, '120.62.47.65'),
(2887, 2887, '120.62.47.65'),
(2888, 2888, '120.62.47.65'),
(2889, 2889, '120.62.47.65'),
(2890, 2890, '72.14.199.105'),
(2891, 2891, '72.14.199.117'),
(2892, 2892, '72.14.199.111'),
(2893, 2893, '120.62.47.65'),
(2894, 2894, '120.62.47.65'),
(2895, 2895, '120.62.47.65'),
(2896, 2896, '66.249.79.118'),
(2897, 2897, '72.14.199.105'),
(2898, 2898, '72.14.199.111'),
(2899, 2899, '180.76.15.134'),
(2900, 2900, '66.102.6.194'),
(2901, 2901, '41.206.11.216'),
(2902, 2902, '70.39.187.61'),
(2903, 2903, '180.76.15.21'),
(2904, 2904, '72.14.199.117'),
(2905, 2905, '72.14.199.117'),
(2906, 2906, '121.243.22.130'),
(2907, 2907, '180.87.255.140'),
(2908, 2908, '106.194.12.27'),
(2909, 2909, '106.194.12.27'),
(2910, 2910, '106.194.12.27'),
(2911, 2911, '120.62.31.181'),
(2912, 2912, '120.62.31.181'),
(2913, 2913, '122.169.16.254'),
(2914, 2914, '122.169.16.254'),
(2915, 2915, '216.163.188.229'),
(2916, 2916, '122.169.16.254'),
(2917, 2917, '122.169.16.254'),
(2918, 2918, '122.169.16.254'),
(2919, 2919, '122.169.16.254'),
(2920, 2920, '122.169.16.254'),
(2921, 2921, '122.169.16.254'),
(2922, 2922, '122.169.16.254'),
(2923, 2923, '66.249.90.94'),
(2924, 2924, '66.249.90.98'),
(2925, 2925, '120.62.22.51'),
(2926, 2926, '120.62.22.51'),
(2927, 2927, '103.228.39.155'),
(2928, 2928, '103.228.39.155'),
(2929, 2929, '66.249.84.193'),
(2930, 2930, '66.249.82.203'),
(2931, 2931, '1.186.76.17'),
(2932, 2932, '103.228.39.155'),
(2933, 2933, '103.228.39.155'),
(2934, 2934, '103.228.39.155'),
(2935, 2935, '103.228.39.155'),
(2936, 2936, '103.228.39.155'),
(2937, 2937, '103.228.39.155'),
(2938, 2938, '103.228.39.155'),
(2939, 2939, '103.228.39.155'),
(2940, 2940, '103.228.39.155'),
(2941, 2941, '103.228.39.155'),
(2942, 2942, '103.228.39.155'),
(2943, 2943, '103.228.39.155'),
(2944, 2944, '103.228.39.155'),
(2945, 2945, '103.228.39.155'),
(2946, 2946, '103.228.39.155'),
(2947, 2947, '103.228.39.155'),
(2948, 2948, '103.228.39.155'),
(2949, 2949, '103.228.39.155'),
(2950, 2950, '103.228.39.155'),
(2951, 2951, '103.228.39.155'),
(2952, 2952, '103.228.39.155'),
(2953, 2953, '103.228.39.155'),
(2954, 2954, '103.228.39.155'),
(2955, 2955, '103.228.39.155'),
(2956, 2956, '103.228.39.155'),
(2957, 2957, '103.228.39.155'),
(2958, 2958, '103.228.39.155'),
(2959, 2959, '103.228.39.155'),
(2960, 2960, '103.228.39.155'),
(2961, 2961, '103.228.39.155'),
(2962, 2962, '103.228.39.155'),
(2963, 2963, '103.228.39.155'),
(2964, 2964, '103.228.39.155'),
(2965, 2965, '103.228.39.155'),
(2966, 2966, '103.228.39.155'),
(2967, 2967, '120.62.22.51'),
(2968, 2968, '103.228.39.155'),
(2969, 2969, '120.62.22.51'),
(2970, 2970, '120.62.22.51'),
(2971, 2971, '120.62.22.51'),
(2972, 2972, '120.62.22.51'),
(2973, 2973, '103.228.39.155'),
(2974, 2974, '103.228.39.155'),
(2975, 2975, '103.228.39.155'),
(2976, 2976, '103.228.39.155'),
(2977, 2977, '103.228.39.155'),
(2978, 2978, '103.228.39.155'),
(2979, 2979, '103.228.39.155'),
(2980, 2980, '103.228.39.155'),
(2981, 2981, '103.228.39.155'),
(2982, 2982, '120.62.22.51'),
(2983, 2983, '103.228.39.155'),
(2984, 2984, '120.62.22.51'),
(2985, 2985, '120.62.22.51'),
(2986, 2986, '120.62.22.51'),
(2987, 2987, '120.62.22.51'),
(2988, 2988, '66.102.6.194'),
(2989, 2989, '69.84.207.246'),
(2990, 2990, '69.84.207.246'),
(2991, 2991, '69.84.207.246'),
(2992, 2992, '69.84.207.246'),
(2993, 2993, '1.186.41.18'),
(2994, 2994, '1.186.41.18'),
(2995, 2995, '64.246.165.10'),
(2996, 2996, '66.249.90.98'),
(2997, 2997, '66.249.90.90'),
(2998, 2998, '66.249.84.187'),
(2999, 2999, '114.79.185.128'),
(3000, 3000, '1.186.41.18'),
(3001, 3001, '1.186.41.18'),
(3002, 3002, '1.186.41.18'),
(3003, 3003, '180.76.15.21'),
(3004, 3004, '72.14.199.111'),
(3005, 3005, '72.14.199.117'),
(3006, 3006, '167.114.174.95'),
(3007, 3007, '167.114.174.95'),
(3008, 3008, '167.114.174.95'),
(3009, 3009, '120.62.21.230'),
(3010, 3010, '1.186.41.18'),
(3011, 3011, '66.249.79.131'),
(3012, 3012, '180.76.15.137'),
(3013, 3013, '117.195.99.7'),
(3014, 3014, '72.14.199.105'),
(3015, 3015, '72.14.199.105'),
(3016, 3016, '178.175.128.50'),
(3017, 3017, '117.195.99.7'),
(3018, 3018, '122.169.61.63'),
(3019, 3019, '216.163.188.235'),
(3020, 3020, '216.38.216.197'),
(3021, 3021, '216.38.216.197'),
(3022, 3022, '216.38.216.197'),
(3023, 3023, '216.38.216.197'),
(3024, 3024, '120.62.17.234'),
(3025, 3025, '72.14.199.111'),
(3026, 3026, '72.14.199.105'),
(3027, 3027, '66.249.79.222'),
(3028, 3028, '120.62.49.201'),
(3029, 3029, '120.62.49.201'),
(3030, 3030, '72.14.199.105'),
(3031, 3031, '72.14.199.117'),
(3032, 3032, '66.249.83.184'),
(3033, 3033, '117.195.120.221'),
(3034, 3034, '72.14.199.117'),
(3035, 3035, '72.14.199.105'),
(3036, 3036, '86.110.226.29'),
(3037, 3037, '180.76.15.148'),
(3038, 3038, '180.76.15.24'),
(3039, 3039, '66.249.90.90'),
(3040, 3040, '66.249.90.98'),
(3041, 3041, '1.186.76.17'),
(3042, 3042, '1.186.76.17'),
(3043, 3043, '1.186.76.17'),
(3044, 3044, '42.106.175.152'),
(3045, 3045, '42.106.175.152'),
(3046, 3046, '42.106.175.152'),
(3047, 3047, '42.106.175.152'),
(3048, 3048, '42.106.175.152'),
(3049, 3049, '66.102.6.167'),
(3050, 3050, '66.249.90.94'),
(3051, 3051, '66.249.90.90'),
(3052, 3052, '66.249.65.230'),
(3053, 3053, '42.106.175.145'),
(3054, 3054, '42.106.175.145'),
(3055, 3055, '42.106.175.145'),
(3056, 3056, '42.106.175.145'),
(3057, 3057, '42.106.175.145'),
(3058, 3058, '42.106.175.146'),
(3059, 3059, '1.186.41.18'),
(3060, 3060, '1.186.41.18'),
(3061, 3061, '1.186.41.18'),
(3062, 3062, '1.186.41.18'),
(3063, 3063, '42.106.175.145'),
(3064, 3064, '42.106.175.145'),
(3065, 3065, '42.106.175.145'),
(3066, 3066, '66.249.90.90'),
(3067, 3067, '66.249.90.98'),
(3068, 3068, '54.92.234.216'),
(3069, 3069, '66.249.90.90'),
(3070, 3070, '66.249.90.94'),
(3071, 3071, '180.76.15.143'),
(3072, 3072, '43.248.253.121'),
(3073, 3073, '216.163.188.238'),
(3074, 3074, '180.76.15.152'),
(3075, 3075, '1.186.76.17'),
(3076, 3076, '1.186.76.17'),
(3077, 3077, '66.249.90.90'),
(3078, 3078, '66.249.90.94'),
(3079, 3079, '120.62.21.60'),
(3080, 3080, '120.62.21.60'),
(3081, 3081, '120.62.21.60'),
(3082, 3082, '120.62.21.60'),
(3083, 3083, '120.62.21.60'),
(3084, 3084, '120.62.21.60'),
(3085, 3085, '120.62.21.60'),
(3086, 3086, '120.62.21.60'),
(3087, 3087, '120.62.21.60'),
(3088, 3088, '120.62.21.60'),
(3089, 3089, '120.62.21.60'),
(3090, 3090, '120.62.21.60'),
(3091, 3091, '120.62.21.60'),
(3092, 3092, '120.62.21.60'),
(3093, 3093, '120.62.21.60'),
(3094, 3094, '120.62.21.60'),
(3095, 3095, '120.62.21.60'),
(3096, 3096, '120.62.21.60'),
(3097, 3097, '120.62.21.60'),
(3098, 3098, '120.62.21.60'),
(3099, 3099, '120.62.21.60'),
(3100, 3100, '120.62.21.60'),
(3101, 3101, '120.62.21.60'),
(3102, 3102, '120.62.21.60'),
(3103, 3103, '120.62.21.60'),
(3104, 3104, '66.249.90.90'),
(3105, 3105, '66.249.90.98'),
(3106, 3106, '66.249.65.244'),
(3107, 3107, '66.249.65.230'),
(3108, 3108, '120.62.52.7'),
(3109, 3109, '120.62.52.7'),
(3110, 3110, '120.62.52.7'),
(3111, 3111, '66.102.6.163'),
(3112, 3112, '81.7.8.101'),
(3113, 3113, '180.76.15.144'),
(3114, 3114, '180.76.15.162'),
(3115, 3115, '66.249.90.94'),
(3116, 3116, '66.249.90.94'),
(3117, 3117, '202.46.54.135'),
(3118, 3118, '66.249.90.90'),
(3119, 3119, '66.249.90.98'),
(3120, 3120, '66.249.65.191'),
(3121, 3121, '66.249.83.184'),
(3122, 3122, '120.62.42.24'),
(3123, 3123, '202.46.53.161'),
(3124, 3124, '66.249.90.98'),
(3125, 3125, '66.249.90.98'),
(3126, 3126, '52.0.89.236'),
(3127, 3127, '66.249.90.98'),
(3128, 3128, '66.249.90.94'),
(3129, 3129, '64.246.187.42'),
(3130, 3130, '66.249.90.90'),
(3131, 3131, '66.249.90.94'),
(3132, 3132, '106.77.157.177'),
(3133, 3133, '37.130.227.133'),
(3134, 3134, '66.249.90.94'),
(3135, 3135, '66.249.90.98'),
(3136, 3136, '117.247.132.39'),
(3137, 3137, '180.76.15.162'),
(3138, 3138, '66.249.65.237'),
(3139, 3139, '66.249.90.94'),
(3140, 3140, '66.249.90.98'),
(3141, 3141, '180.76.15.155'),
(3142, 3142, '180.76.15.153'),
(3143, 3143, '180.76.15.147'),
(3144, 3144, '66.102.6.230'),
(3145, 3145, '66.249.84.187'),
(3146, 3146, '66.249.90.98'),
(3147, 3147, '66.249.90.94'),
(3148, 3148, '66.249.90.98'),
(3149, 3149, '66.249.90.98'),
(3150, 3150, '66.102.6.222'),
(3151, 3151, '66.249.90.90'),
(3152, 3152, '66.249.90.98'),
(3153, 3153, '1.186.37.20'),
(3154, 3154, '1.186.37.20'),
(3155, 3155, '1.186.37.20'),
(3156, 3156, '1.186.37.20'),
(3157, 3157, '180.76.15.161'),
(3158, 3158, '1.186.37.20'),
(3159, 3159, '66.249.73.196'),
(3160, 3160, '1.186.37.20'),
(3161, 3161, '1.186.37.20'),
(3162, 3162, '72.14.199.111'),
(3163, 3163, '72.14.199.111'),
(3164, 3164, '180.76.15.161'),
(3165, 3165, '120.62.54.242'),
(3166, 3166, '1.186.41.18'),
(3167, 3167, '1.186.41.18'),
(3168, 3168, '1.186.41.18'),
(3169, 3169, '72.14.199.117'),
(3170, 3170, '72.14.199.111'),
(3171, 3171, '66.249.79.234'),
(3172, 3172, '72.14.199.117'),
(3173, 3173, '72.14.199.111'),
(3174, 3174, '117.247.132.19'),
(3175, 3175, '120.61.39.66'),
(3176, 3176, '173.49.24.119'),
(3177, 3177, '72.14.199.111'),
(3178, 3178, '72.14.199.111'),
(3179, 3179, '180.76.15.147'),
(3180, 3180, '66.102.7.171'),
(3181, 3181, '72.14.199.105'),
(3182, 3182, '72.14.199.111'),
(3183, 3183, '106.194.40.234'),
(3184, 3184, '106.194.40.234'),
(3185, 3185, '117.247.132.30'),
(3186, 3186, '117.247.132.30'),
(3187, 3187, '117.247.132.30'),
(3188, 3188, '117.247.132.30'),
(3189, 3189, '180.76.15.145'),
(3190, 3190, '180.76.15.143'),
(3191, 3191, '180.76.15.134'),
(3192, 3192, '72.14.199.105'),
(3193, 3193, '72.14.199.111'),
(3194, 3194, '182.48.233.17'),
(3195, 3195, '182.48.233.17'),
(3196, 3196, '182.48.233.17'),
(3197, 3197, '182.48.233.17'),
(3198, 3198, '120.62.12.18'),
(3199, 3199, '120.62.12.18'),
(3200, 3200, '120.62.12.18'),
(3201, 3201, '120.62.12.18'),
(3202, 3202, '120.62.12.18'),
(3203, 3203, '120.62.12.18'),
(3204, 3204, '66.249.79.234'),
(3205, 3205, '122.170.83.112'),
(3206, 3206, '42.106.175.145'),
(3207, 3207, '1.186.41.18'),
(3208, 3208, '66.102.8.169'),
(3209, 3209, '72.14.199.117'),
(3210, 3210, '72.14.199.111'),
(3211, 3211, '45.55.232.154'),
(3212, 3212, '45.55.232.154'),
(3213, 3213, '45.55.232.154'),
(3214, 3214, '45.55.232.154'),
(3215, 3215, '207.241.226.231'),
(3216, 3216, '91.121.53.80'),
(3217, 3217, '128.30.52.70'),
(3218, 3218, '5.254.91.237'),
(3219, 3219, '14.99.205.67'),
(3220, 3220, '14.99.205.67'),
(3221, 3221, '14.99.45.58'),
(3222, 3222, '1.186.37.20'),
(3223, 3223, '180.87.255.178'),
(3224, 3224, '14.99.229.171'),
(3225, 3225, '72.14.199.111'),
(3226, 3226, '72.14.199.105'),
(3227, 3227, '66.249.84.187'),
(3228, 3228, '203.199.56.2'),
(3229, 3229, '203.199.56.2'),
(3230, 3230, '180.76.15.157'),
(3231, 3231, '62.212.73.211'),
(3232, 3232, '62.212.73.211'),
(3233, 3233, '1.186.76.17'),
(3234, 3234, '1.186.76.17'),
(3235, 3235, '64.246.165.160'),
(3236, 3236, '72.14.199.117'),
(3237, 3237, '72.14.199.117'),
(3238, 3238, '203.199.56.2'),
(3239, 3239, '180.76.15.151'),
(3240, 3240, '46.165.197.142'),
(3241, 3241, '46.165.197.142'),
(3242, 3242, '66.249.79.131'),
(3243, 3243, '72.14.199.117'),
(3244, 3244, '72.14.199.117'),
(3245, 3245, '1.186.41.18'),
(3246, 3246, '203.194.97.147'),
(3247, 3247, '66.249.84.187'),
(3248, 3248, '86.110.226.29'),
(3249, 3249, '219.90.111.199'),
(3250, 3250, '219.90.111.199'),
(3251, 3251, '219.90.111.199'),
(3252, 3252, '219.90.111.199'),
(3253, 3253, '72.14.199.111'),
(3254, 3254, '72.14.199.105'),
(3255, 3255, '118.140.38.3'),
(3256, 3256, '118.140.38.3'),
(3257, 3257, '66.102.8.174'),
(3258, 3258, '180.76.15.159'),
(3259, 3259, '203.199.56.2'),
(3260, 3260, '203.199.56.2'),
(3261, 3261, '203.199.56.2'),
(3262, 3262, '203.199.56.2'),
(3263, 3263, '203.199.56.2'),
(3264, 3264, '203.199.56.2'),
(3265, 3265, '203.199.56.2'),
(3266, 3266, '203.199.56.2'),
(3267, 3267, '203.199.56.2'),
(3268, 3268, '203.199.56.2'),
(3269, 3269, '203.199.56.2'),
(3270, 3270, '203.199.56.2'),
(3271, 3271, '203.199.56.2'),
(3272, 3272, '203.199.56.2'),
(3273, 3273, '203.199.56.2'),
(3274, 3274, '203.199.56.2'),
(3275, 3275, '203.199.56.2'),
(3276, 3276, '203.199.56.2'),
(3277, 3277, '203.199.56.2'),
(3278, 3278, '203.199.56.2'),
(3279, 3279, '203.199.56.2'),
(3280, 3280, '203.199.56.2'),
(3281, 3281, '203.199.56.2'),
(3282, 3282, '203.199.56.2'),
(3283, 3283, '203.199.56.2'),
(3284, 3284, '203.199.56.2'),
(3285, 3285, '203.199.56.2'),
(3286, 3286, '203.199.56.2'),
(3287, 3287, '203.199.56.2'),
(3288, 3288, '203.199.56.2'),
(3289, 3289, '203.199.56.2'),
(3290, 3290, '203.199.56.2'),
(3291, 3291, '203.199.56.2'),
(3292, 3292, '203.199.56.2'),
(3293, 3293, '203.199.56.2'),
(3294, 3294, '203.199.56.2'),
(3295, 3295, '203.199.56.2'),
(3296, 3296, '203.199.56.2'),
(3297, 3297, '203.199.56.2'),
(3298, 3298, '203.199.56.2'),
(3299, 3299, '182.48.238.21'),
(3300, 3300, '66.249.84.199'),
(3301, 3301, '66.249.82.164'),
(3302, 3302, '182.48.238.21'),
(3303, 3303, '182.48.238.21'),
(3304, 3304, '14.99.238.245'),
(3305, 3305, '14.99.238.245'),
(3306, 3306, '14.99.238.245'),
(3307, 3307, '14.99.238.245'),
(3308, 3308, '66.249.73.212'),
(3309, 3309, '66.249.90.98'),
(3310, 3310, '66.249.90.98'),
(3311, 3311, '195.154.163.175'),
(3312, 3312, '198.27.64.33'),
(3313, 3313, '198.27.64.33'),
(3314, 3314, '182.48.238.21'),
(3315, 3315, '180.76.15.141'),
(3316, 3316, '106.194.15.222'),
(3317, 3317, '120.62.34.149'),
(3318, 3318, '66.102.6.230'),
(3319, 3319, '66.249.90.90'),
(3320, 3320, '66.249.90.90'),
(3321, 3321, '66.249.84.187'),
(3322, 3322, '175.143.193.21'),
(3323, 3323, '175.143.193.21'),
(3324, 3324, '175.143.193.21'),
(3325, 3325, '175.143.193.21'),
(3326, 3326, '175.143.193.21'),
(3327, 3327, '175.143.193.21'),
(3328, 3328, '175.143.193.21'),
(3329, 3329, '175.143.193.21'),
(3330, 3330, '175.143.193.21'),
(3331, 3331, '1.186.38.19'),
(3332, 3332, '1.186.38.19'),
(3333, 3333, '1.186.38.19'),
(3334, 3334, '66.249.65.191'),
(3335, 3335, '66.249.90.98'),
(3336, 3336, '66.249.90.90'),
(3337, 3337, '203.115.80.202'),
(3338, 3338, '120.63.194.143'),
(3339, 3339, '180.76.15.154'),
(3340, 3340, '106.194.19.205'),
(3341, 3341, '66.102.6.172'),
(3342, 3342, '66.249.90.90'),
(3343, 3343, '66.249.90.90'),
(3344, 3344, '1.186.38.19'),
(3345, 3345, '1.186.38.19'),
(3346, 3346, '141.8.143.188'),
(3347, 3347, '151.80.44.115'),
(3348, 3348, '151.80.44.115'),
(3349, 3349, '66.249.90.94'),
(3350, 3350, '66.249.90.90'),
(3351, 3351, '66.249.73.212'),
(3352, 3352, '180.76.15.137'),
(3353, 3353, '167.114.209.38'),
(3354, 3354, '167.114.209.38'),
(3355, 3355, '167.114.209.38'),
(3356, 3356, '120.62.2.228'),
(3357, 3357, '120.62.2.228'),
(3358, 3358, '120.62.2.228'),
(3359, 3359, '120.62.2.228'),
(3360, 3360, '120.62.2.228'),
(3361, 3361, '64.233.172.204'),
(3362, 3362, '1.186.76.17'),
(3363, 3363, '1.186.76.17'),
(3364, 3364, '1.186.76.17'),
(3365, 3365, '1.186.76.17'),
(3366, 3366, '54.163.153.128'),
(3367, 3367, '66.249.90.98'),
(3368, 3368, '66.249.90.94'),
(3369, 3369, '66.249.65.191'),
(3370, 3370, '1.39.11.25'),
(3371, 3371, '1.39.11.25'),
(3372, 3372, '1.39.11.25'),
(3373, 3373, '66.102.8.174'),
(3374, 3374, '66.249.73.204'),
(3375, 3375, '66.249.90.90'),
(3376, 3376, '66.249.90.94'),
(3377, 3377, '66.249.90.98'),
(3378, 3378, '66.249.90.98'),
(3379, 3379, '180.76.15.135'),
(3380, 3380, '180.76.15.159'),
(3381, 3381, '180.76.15.160'),
(3382, 3382, '66.102.6.230'),
(3383, 3383, '66.249.90.90'),
(3384, 3384, '66.249.90.90'),
(3385, 3385, '85.25.195.134'),
(3386, 3386, '1.186.37.20'),
(3387, 3387, '1.186.37.20'),
(3388, 3388, '1.186.37.20'),
(3389, 3389, '1.186.37.20'),
(3390, 3390, '1.186.37.20'),
(3391, 3391, '1.186.76.17'),
(3392, 3392, '66.249.90.98'),
(3393, 3393, '66.249.90.90'),
(3394, 3394, '64.246.165.170'),
(3395, 3395, '106.194.5.51'),
(3396, 3396, '106.194.5.51'),
(3397, 3397, '106.194.5.51'),
(3398, 3398, '106.194.5.51'),
(3399, 3399, '106.194.5.51'),
(3400, 3400, '106.194.5.51'),
(3401, 3401, '106.194.5.51'),
(3402, 3402, '203.199.56.2'),
(3403, 3403, '203.199.56.2'),
(3404, 3404, '66.249.90.98'),
(3405, 3405, '66.249.90.98'),
(3406, 3406, '1.186.76.17'),
(3407, 3407, '77.100.248.6'),
(3408, 3408, '77.100.248.6'),
(3409, 3409, '120.62.45.146'),
(3410, 3410, '120.62.45.146'),
(3411, 3411, '1.186.76.17'),
(3412, 3412, '1.186.76.17'),
(3413, 3413, '120.62.45.146'),
(3414, 3414, '66.249.90.98'),
(3415, 3415, '66.249.90.90'),
(3416, 3416, '180.76.15.147'),
(3417, 3417, '103.228.39.40'),
(3418, 3418, '216.163.188.233'),
(3419, 3419, '103.228.39.40'),
(3420, 3420, '120.62.48.126'),
(3421, 3421, '103.228.39.40'),
(3422, 3422, '103.228.39.40'),
(3423, 3423, '103.228.39.40'),
(3424, 3424, '103.228.39.40'),
(3425, 3425, '103.228.39.40'),
(3426, 3426, '103.228.39.40'),
(3427, 3427, '120.62.48.126'),
(3428, 3428, '120.62.48.126'),
(3429, 3429, '103.228.39.40'),
(3430, 3430, '120.62.48.126'),
(3431, 3431, '203.199.56.2'),
(3432, 3432, '203.199.56.2'),
(3433, 3433, '203.199.56.2'),
(3434, 3434, '203.199.56.2'),
(3435, 3435, '203.199.56.2'),
(3436, 3436, '180.76.15.150'),
(3437, 3437, '66.249.90.98'),
(3438, 3438, '66.249.90.94'),
(3439, 3439, '203.199.56.2'),
(3440, 3440, '203.199.56.2'),
(3441, 3441, '203.199.56.2'),
(3442, 3442, '122.170.64.82'),
(3443, 3443, '122.170.64.82'),
(3444, 3444, '216.163.188.227'),
(3445, 3445, '122.170.64.82'),
(3446, 3446, '122.170.64.82'),
(3447, 3447, '122.170.64.82'),
(3448, 3448, '122.170.64.82'),
(3449, 3449, '122.170.64.82'),
(3450, 3450, '122.170.64.82'),
(3451, 3451, '203.199.56.2'),
(3452, 3452, '203.199.56.2'),
(3453, 3453, '122.170.64.82'),
(3454, 3454, '120.62.23.104'),
(3455, 3455, '66.102.6.226'),
(3456, 3456, '66.249.90.90'),
(3457, 3457, '66.249.90.94'),
(3458, 3458, '120.62.44.181'),
(3459, 3459, '120.62.44.181'),
(3460, 3460, '120.62.44.181'),
(3461, 3461, '120.62.44.181'),
(3462, 3462, '122.170.20.78'),
(3463, 3463, '122.170.20.78'),
(3464, 3464, '203.199.56.2'),
(3465, 3465, '203.199.56.2'),
(3466, 3466, '1.186.37.20'),
(3467, 3467, '1.186.37.20'),
(3468, 3468, '1.186.37.20'),
(3469, 3469, '1.186.37.20'),
(3470, 3470, '66.249.90.98'),
(3471, 3471, '66.249.90.90'),
(3472, 3472, '122.170.75.222'),
(3473, 3473, '216.163.188.225'),
(3474, 3474, '122.170.75.222'),
(3475, 3475, '122.170.75.222'),
(3476, 3476, '122.170.75.222'),
(3477, 3477, '122.170.75.222'),
(3478, 3478, '122.170.75.222'),
(3479, 3479, '122.170.75.222'),
(3480, 3480, '122.170.75.222'),
(3481, 3481, '122.170.75.222'),
(3482, 3482, '122.170.75.222'),
(3483, 3483, '122.170.75.222'),
(3484, 3484, '122.170.75.222'),
(3485, 3485, '180.76.15.151'),
(3486, 3486, '182.48.238.21'),
(3487, 3487, '1.186.41.18'),
(3488, 3488, '1.186.41.18'),
(3489, 3489, '1.186.41.18'),
(3490, 3490, '1.186.41.18'),
(3491, 3491, '1.186.41.18'),
(3492, 3492, '1.186.41.18'),
(3493, 3493, '1.186.41.18'),
(3494, 3494, '1.186.41.18'),
(3495, 3495, '1.186.41.18'),
(3496, 3496, '1.186.41.18'),
(3497, 3497, '1.186.41.18'),
(3498, 3498, '1.186.41.18'),
(3499, 3499, '1.186.41.18'),
(3500, 3500, '1.186.41.18'),
(3501, 3501, '1.186.41.18'),
(3502, 3502, '1.186.41.18'),
(3503, 3503, '1.186.41.18'),
(3504, 3504, '1.186.41.18'),
(3505, 3505, '1.186.41.18'),
(3506, 3506, '120.62.32.142'),
(3507, 3507, '66.102.6.222'),
(3508, 3508, '66.249.90.94'),
(3509, 3509, '66.249.90.94'),
(3510, 3510, '1.186.37.20'),
(3511, 3511, '1.186.37.20'),
(3512, 3512, '66.249.73.196'),
(3513, 3513, '83.149.126.132'),
(3514, 3514, '14.99.202.40'),
(3515, 3515, '1.186.37.20'),
(3516, 3516, '209.126.110.113'),
(3517, 3517, '43.248.253.68'),
(3518, 3518, '43.248.253.68'),
(3519, 3519, '216.163.188.230'),
(3520, 3520, '180.76.15.156'),
(3521, 3521, '66.249.73.204'),
(3522, 3522, '66.249.90.90'),
(3523, 3523, '66.249.90.94'),
(3524, 3524, '203.199.56.2'),
(3525, 3525, '203.199.56.2'),
(3526, 3526, '203.199.56.2'),
(3527, 3527, '43.248.254.36'),
(3528, 3528, '43.248.254.36'),
(3529, 3529, '43.248.254.36'),
(3530, 3530, '43.248.254.36'),
(3531, 3531, '43.248.254.36'),
(3532, 3532, '43.248.254.36'),
(3533, 3533, '216.163.188.226'),
(3534, 3534, '43.248.254.36'),
(3535, 3535, '43.248.254.36'),
(3536, 3536, '43.248.254.36'),
(3537, 3537, '43.248.254.36'),
(3538, 3538, '43.248.254.36'),
(3539, 3539, '43.248.254.36'),
(3540, 3540, '43.248.254.36'),
(3541, 3541, '43.248.254.36'),
(3542, 3542, '43.248.254.36'),
(3543, 3543, '77.247.181.162'),
(3544, 3544, '43.248.254.36'),
(3545, 3545, '43.248.254.36'),
(3546, 3546, '43.248.254.36'),
(3547, 3547, '43.248.254.36'),
(3548, 3548, '43.248.254.36'),
(3549, 3549, '43.248.254.36'),
(3550, 3550, '203.199.56.2'),
(3551, 3551, '203.199.56.2'),
(3552, 3552, '43.248.254.36'),
(3553, 3553, '43.248.254.36'),
(3554, 3554, '1.186.38.19'),
(3555, 3555, '1.186.38.19'),
(3556, 3556, '1.186.41.18'),
(3557, 3557, '66.249.90.90'),
(3558, 3558, '66.249.90.90'),
(3559, 3559, '203.199.56.2'),
(3560, 3560, '106.194.78.204'),
(3561, 3561, '203.199.56.2'),
(3562, 3562, '103.234.155.68'),
(3563, 3563, '103.234.155.68'),
(3564, 3564, '216.163.188.232'),
(3565, 3565, '103.234.155.68'),
(3566, 3566, '203.199.56.2'),
(3567, 3567, '103.234.155.68'),
(3568, 3568, '103.234.155.68'),
(3569, 3569, '103.234.155.68'),
(3570, 3570, '103.234.155.68'),
(3571, 3571, '103.234.155.68'),
(3572, 3572, '103.234.155.68'),
(3573, 3573, '103.234.155.68'),
(3574, 3574, '103.234.155.68'),
(3575, 3575, '103.234.155.68'),
(3576, 3576, '103.234.155.68'),
(3577, 3577, '103.234.155.68'),
(3578, 3578, '103.234.155.68'),
(3579, 3579, '103.234.155.68'),
(3580, 3580, '103.234.155.68'),
(3581, 3581, '103.234.155.68'),
(3582, 3582, '103.234.155.68'),
(3583, 3583, '103.234.155.68'),
(3584, 3584, '103.234.155.68'),
(3585, 3585, '103.234.155.68'),
(3586, 3586, '103.234.155.68'),
(3587, 3587, '103.234.155.68'),
(3588, 3588, '103.234.155.68'),
(3589, 3589, '103.234.155.68'),
(3590, 3590, '103.234.155.68'),
(3591, 3591, '103.234.155.68'),
(3592, 3592, '103.234.155.68'),
(3593, 3593, '103.234.155.68'),
(3594, 3594, '103.234.155.68'),
(3595, 3595, '106.194.78.204'),
(3596, 3596, '106.194.78.204'),
(3597, 3597, '106.194.78.204'),
(3598, 3598, '1.186.41.18'),
(3599, 3599, '1.186.41.18'),
(3600, 3600, '1.186.41.18'),
(3601, 3601, '1.186.41.18'),
(3602, 3602, '1.186.41.18'),
(3603, 3603, '1.186.41.18'),
(3604, 3604, '1.186.41.18'),
(3605, 3605, '1.186.41.18'),
(3606, 3606, '1.186.41.18'),
(3607, 3607, '1.186.41.18'),
(3608, 3608, '1.186.41.18'),
(3609, 3609, '1.39.9.20'),
(3610, 3610, '1.39.9.20'),
(3611, 3611, '1.186.41.18'),
(3612, 3612, '1.186.41.18'),
(3613, 3613, '180.76.15.146'),
(3614, 3614, '66.249.73.204'),
(3615, 3615, '66.249.90.94'),
(3616, 3616, '66.249.90.90'),
(3617, 3617, '106.194.19.235'),
(3618, 3618, '106.194.19.235'),
(3619, 3619, '66.249.65.177'),
(3620, 3620, '103.234.155.114'),
(3621, 3620, '103.234.155.114'),
(3622, 3621, '216.163.188.239'),
(3623, 3622, '103.234.155.114'),
(3624, 3623, '103.234.155.114'),
(3625, 3624, '103.234.155.114'),
(3626, 3625, '103.234.155.114'),
(3627, 3626, '106.194.69.27'),
(3628, 3627, '106.194.69.27'),
(3629, 3628, '106.194.69.27'),
(3630, 3629, '106.194.69.27'),
(3631, 3630, '106.194.69.27'),
(3632, 3631, '103.234.155.114'),
(3633, 3632, '103.234.155.114'),
(3634, 3633, '103.234.155.114'),
(3635, 3634, '103.234.155.114'),
(3636, 3635, '122.170.16.254'),
(3637, 3636, '103.234.155.114'),
(3638, 3637, '103.234.155.114'),
(3639, 3638, '122.170.16.254'),
(3640, 3639, '103.234.155.114'),
(3641, 3640, '103.234.155.114'),
(3642, 3641, '103.234.155.114'),
(3643, 3642, '103.234.155.114'),
(3644, 3643, '103.234.155.114'),
(3645, 3644, '122.170.16.254'),
(3646, 3645, '103.234.155.114'),
(3647, 3646, '103.234.155.114'),
(3648, 3647, '103.234.155.114'),
(3649, 3648, '106.194.51.197'),
(3650, 3649, '103.234.155.114'),
(3651, 3650, '122.170.16.254'),
(3652, 3651, '122.170.16.254'),
(3653, 3652, '103.234.155.114'),
(3654, 3653, '103.234.155.114'),
(3655, 3654, '103.234.155.114'),
(3656, 3655, '122.170.16.254'),
(3657, 3656, '103.234.155.114'),
(3658, 3657, '122.170.16.254'),
(3659, 3658, '1.39.46.53'),
(3660, 3659, '150.70.173.46'),
(3661, 3660, '1.39.46.53'),
(3662, 3661, '150.70.97.127'),
(3663, 3662, '66.249.73.212'),
(3664, 3663, '180.76.15.163'),
(3665, 3664, '66.249.84.238'),
(3666, 3665, '66.249.90.98'),
(3667, 3666, '66.249.90.98'),
(3668, 3667, '66.249.84.187'),
(3669, 3668, '150.70.173.60'),
(3670, 3669, '8.28.16.254'),
(3671, 3670, '198.23.103.205'),
(3672, 3671, '1.39.8.27'),
(3673, 3672, '150.70.173.41'),
(3674, 3673, '150.70.173.60'),
(3675, 3674, '150.70.172.231'),
(3676, 3675, '66.249.65.184'),
(3677, 3676, '66.249.73.204'),
(3678, 3677, '66.249.90.94'),
(3679, 3678, '66.249.90.90'),
(3680, 3679, '106.194.1.17'),
(3681, 3680, '120.62.55.13'),
(3682, 3681, '103.234.155.130'),
(3683, 3682, '103.234.155.130'),
(3684, 3683, '216.163.188.237'),
(3685, 3684, '103.234.155.130'),
(3686, 3685, '120.62.55.13'),
(3687, 3686, '120.62.55.13'),
(3688, 3687, '120.62.55.13'),
(3689, 3688, '103.234.155.130'),
(3690, 3689, '120.62.55.13'),
(3691, 3690, '120.62.55.13'),
(3692, 3691, '120.62.55.13'),
(3693, 3692, '103.234.155.130'),
(3694, 3693, '103.234.155.130'),
(3695, 3694, '103.234.155.130'),
(3696, 3695, '103.234.155.130'),
(3697, 3696, '103.234.155.130'),
(3698, 3697, '103.234.155.130'),
(3699, 3698, '103.234.155.130'),
(3700, 3699, '103.234.155.130'),
(3701, 3700, '203.194.97.142'),
(3702, 3701, '203.194.97.236'),
(3703, 3702, '203.194.97.236'),
(3704, 3703, '203.194.97.236'),
(3705, 3704, '203.194.97.236'),
(3706, 3705, '203.194.97.236'),
(3707, 3706, '203.194.97.236'),
(3708, 3707, '66.102.8.174'),
(3709, 3708, '66.249.90.90'),
(3710, 3709, '66.249.90.98'),
(3711, 3710, '188.143.232.22'),
(3712, 3711, '188.143.232.22'),
(3713, 3712, '188.143.232.22'),
(3714, 3713, '188.143.232.22'),
(3715, 3714, '203.194.97.204'),
(3716, 3715, '180.76.15.134'),
(3717, 3716, '64.246.165.180'),
(3718, 3717, '66.249.90.94'),
(3719, 3718, '66.249.90.98'),
(3720, 3719, '106.194.88.137'),
(3721, 3720, '106.194.88.137'),
(3722, 3721, '106.194.88.137'),
(3723, 3722, '106.194.88.137'),
(3724, 3723, '66.249.90.94'),
(3725, 3724, '66.249.90.90'),
(3726, 3725, '180.76.15.148'),
(3727, 3726, '106.194.11.5'),
(3728, 3727, '1.39.45.191'),
(3729, 3728, '1.39.45.191'),
(3730, 3729, '150.70.173.9'),
(3731, 3730, '150.70.173.50'),
(3732, 3731, '150.70.173.38'),
(3733, 3732, '8.28.16.254'),
(3734, 3733, '1.38.12.17'),
(3735, 3734, '180.76.15.140'),
(3736, 3735, '180.76.15.152'),
(3737, 3736, '1.186.38.19'),
(3738, 3737, '1.186.38.19'),
(3739, 3738, '1.186.38.19'),
(3740, 3739, '1.186.38.19'),
(3741, 3740, '1.186.38.19'),
(3742, 3741, '1.186.38.19'),
(3743, 3742, '1.186.38.19'),
(3744, 3743, '1.186.38.19'),
(3745, 3744, '1.186.38.19'),
(3746, 3745, '86.110.226.29'),
(3747, 3746, '195.154.157.47'),
(3748, 3747, '188.143.232.15'),
(3749, 3748, '188.143.232.15'),
(3750, 3749, '188.143.232.15'),
(3751, 3750, '66.249.90.94'),
(3752, 3751, '66.249.90.94'),
(3753, 3752, '203.199.56.2'),
(3754, 3753, '122.169.22.0'),
(3755, 3754, '122.169.22.0'),
(3756, 3755, '122.169.22.0'),
(3757, 3756, '203.199.56.2'),
(3758, 3757, '203.199.56.2'),
(3759, 3758, '43.248.254.132'),
(3760, 3759, '216.163.188.240'),
(3761, 3760, '43.248.254.132'),
(3762, 3761, '43.248.254.132'),
(3763, 3762, '106.194.70.75'),
(3764, 3763, '106.194.70.75'),
(3765, 3764, '106.194.70.75'),
(3766, 3765, '182.48.238.21'),
(3767, 3766, '203.194.97.137'),
(3768, 3767, '203.194.97.137'),
(3769, 3768, '203.194.97.137'),
(3770, 3769, '203.194.97.137'),
(3771, 3770, '182.48.238.21'),
(3772, 3771, '182.48.238.21'),
(3773, 3772, '182.48.238.21'),
(3774, 3773, '182.48.238.21'),
(3775, 3774, '182.48.238.21'),
(3776, 3775, '66.249.90.98'),
(3777, 3776, '66.249.90.90'),
(3778, 3777, '66.249.73.204'),
(3779, 3778, '192.99.107.102'),
(3780, 3779, '117.239.121.98'),
(3781, 3780, '122.179.167.163'),
(3782, 3781, '150.107.213.12'),
(3783, 3782, '150.107.213.12'),
(3784, 3783, '150.107.213.12'),
(3785, 3784, '150.107.213.12'),
(3786, 3785, '150.107.213.12'),
(3787, 3786, '150.107.213.12'),
(3788, 3787, '150.107.213.12'),
(3789, 3788, '150.107.213.12'),
(3790, 3789, '117.239.121.98'),
(3791, 3790, '150.107.213.12'),
(3792, 3791, '150.107.213.12'),
(3793, 3792, '150.107.213.12'),
(3794, 3793, '150.107.213.12'),
(3795, 3794, '122.179.167.163'),
(3796, 3795, '150.107.213.12'),
(3797, 3796, '150.107.213.12'),
(3798, 3797, '150.107.213.12'),
(3799, 3798, '150.107.213.12'),
(3800, 3799, '66.249.65.184'),
(3801, 3800, '106.194.78.27'),
(3802, 3801, '150.107.213.12'),
(3803, 3802, '150.107.213.12'),
(3804, 3803, '150.107.213.12'),
(3805, 3804, '150.107.213.12'),
(3806, 3805, '150.107.213.12'),
(3807, 3806, '150.107.213.12'),
(3808, 3807, '150.107.213.12'),
(3809, 3808, '66.249.73.204'),
(3810, 3809, '182.48.238.21'),
(3811, 3810, '182.48.238.21'),
(3812, 3811, '182.48.238.21'),
(3813, 3812, '91.109.247.173'),
(3814, 3813, '182.48.238.21'),
(3815, 3814, '150.129.101.118'),
(3816, 3815, '66.102.6.163'),
(3817, 3816, '66.249.90.90'),
(3818, 3817, '66.249.90.94'),
(3819, 3818, '180.76.15.160'),
(3820, 3819, '203.199.56.2'),
(3821, 3820, '62.212.68.156'),
(3822, 3821, '100.43.85.9'),
(3823, 3822, '180.76.15.13'),
(3824, 3823, '66.249.90.94'),
(3825, 3824, '66.249.90.98'),
(3826, 3825, '66.249.73.212'),
(3827, 3826, '1.186.76.17'),
(3828, 3827, '1.186.76.17'),
(3829, 3828, '204.12.241.170'),
(3830, 3829, '204.12.241.170'),
(3831, 3830, '66.249.73.196'),
(3832, 3831, '66.249.90.126'),
(3833, 3832, '66.249.90.123'),
(3834, 3833, '66.102.6.163'),
(3835, 3834, '66.249.65.254'),
(3836, 3835, '1.186.76.17'),
(3837, 3836, '1.186.76.17'),
(3838, 3837, '1.186.76.17'),
(3839, 3838, '1.186.76.17'),
(3840, 3839, '1.186.76.17'),
(3841, 3840, '1.186.76.17'),
(3842, 3841, '1.186.76.17'),
(3843, 3842, '1.186.76.17'),
(3844, 3843, '180.76.15.31'),
(3845, 3844, '180.76.15.145'),
(3846, 3845, '199.30.228.136'),
(3847, 3846, '66.249.90.90'),
(3848, 3847, '66.249.90.98'),
(3849, 3848, '100.43.85.9'),
(3850, 3849, '66.249.73.196'),
(3851, 3850, '66.249.90.90'),
(3852, 3851, '66.249.90.94'),
(3853, 3852, '100.43.91.13'),
(3854, 3853, '141.8.143.182'),
(3855, 3854, '1.186.76.17'),
(3856, 3855, '1.186.76.17'),
(3857, 3856, '1.186.76.17'),
(3858, 3857, '1.186.76.17'),
(3859, 3858, '180.76.15.141'),
(3860, 3859, '180.76.15.20'),
(3861, 3860, '66.249.90.98'),
(3862, 3861, '66.249.90.94'),
(3863, 3862, '180.76.15.20'),
(3864, 3863, '180.76.15.135'),
(3865, 3864, '62.210.97.48'),
(3866, 3865, '66.249.90.94'),
(3867, 3866, '66.249.90.94'),
(3868, 3867, '43.248.254.142'),
(3869, 3868, '43.248.254.142'),
(3870, 3869, '216.163.188.223'),
(3871, 3870, '43.248.254.142'),
(3872, 3871, '43.248.254.142'),
(3873, 3872, '43.248.254.142'),
(3874, 3873, '216.38.216.197'),
(3875, 3874, '216.38.216.197'),
(3876, 3875, '216.38.216.197'),
(3877, 3876, '203.199.56.2'),
(3878, 3877, '203.199.56.2'),
(3879, 3878, '43.248.254.142'),
(3880, 3879, '43.248.254.142'),
(3881, 3880, '43.248.254.142'),
(3882, 3881, '216.163.188.236'),
(3883, 3882, '43.248.254.142'),
(3884, 3883, '203.199.56.2'),
(3885, 3884, '203.199.56.2'),
(3886, 3885, '43.248.254.142'),
(3887, 3886, '66.249.90.90'),
(3888, 3887, '66.249.90.90'),
(3889, 3888, '66.102.6.226'),
(3890, 3889, '66.249.73.212'),
(3891, 3890, '192.99.107.57'),
(3892, 3891, '43.248.254.23'),
(3893, 3892, '43.248.254.23'),
(3894, 3893, '43.248.254.23'),
(3895, 3894, '43.248.254.23'),
(3896, 3895, '43.248.254.23'),
(3897, 3896, '43.248.254.23'),
(3898, 3897, '203.199.56.2'),
(3899, 3898, '203.199.56.2'),
(3900, 3899, '203.199.56.2'),
(3901, 3900, '106.194.16.139'),
(3902, 3901, '43.248.254.23'),
(3903, 3902, '43.248.254.23'),
(3904, 3903, '43.248.254.23'),
(3905, 3904, '43.248.254.23'),
(3906, 3905, '43.248.254.23'),
(3907, 3906, '43.248.254.23'),
(3908, 3907, '216.163.188.232'),
(3909, 3908, '43.248.254.23'),
(3910, 3909, '43.248.254.23'),
(3911, 3910, '43.248.254.23'),
(3912, 3911, '43.248.254.23'),
(3913, 3912, '106.194.16.139'),
(3914, 3913, '106.194.16.139'),
(3915, 3914, '116.193.143.76'),
(3916, 3915, '116.193.143.76'),
(3917, 3916, '43.248.254.23'),
(3918, 3917, '43.248.254.23'),
(3919, 3918, '106.194.16.139'),
(3920, 3919, '106.194.16.139'),
(3921, 3920, '106.194.16.139'),
(3922, 3921, '106.194.16.139'),
(3923, 3922, '106.194.16.139'),
(3924, 3923, '43.248.254.23'),
(3925, 3924, '106.194.16.139'),
(3926, 3925, '43.248.254.23'),
(3927, 3926, '106.194.16.139'),
(3928, 3927, '43.248.254.23'),
(3929, 3928, '106.194.16.139'),
(3930, 3929, '43.248.254.23'),
(3931, 3930, '43.248.254.23'),
(3932, 3931, '116.193.143.76'),
(3933, 3932, '116.193.143.76'),
(3934, 3933, '203.199.56.2'),
(3935, 3934, '43.248.254.23'),
(3936, 3935, '43.248.254.23'),
(3937, 3936, '43.248.254.23'),
(3938, 3937, '43.248.254.23'),
(3939, 3938, '43.248.254.23'),
(3940, 3939, '122.169.23.237'),
(3941, 3940, '43.248.254.23'),
(3942, 3941, '122.169.23.237'),
(3943, 3942, '43.248.254.23'),
(3944, 3943, '43.248.254.23'),
(3945, 3944, '43.248.254.23'),
(3946, 3945, '43.248.254.23'),
(3947, 3946, '43.248.254.23'),
(3948, 3947, '116.193.143.76'),
(3949, 3948, '180.76.15.145'),
(3950, 3949, '203.194.97.245'),
(3951, 3950, '93.63.88.184'),
(3952, 3951, '203.194.97.245'),
(3953, 3952, '203.194.97.245'),
(3954, 3953, '142.4.218.236'),
(3955, 3954, '142.4.218.236'),
(3956, 3955, '142.4.218.236'),
(3957, 3956, '66.249.90.90'),
(3958, 3957, '66.249.90.98'),
(3959, 3958, '122.169.20.170'),
(3960, 3959, '122.169.20.170'),
(3961, 3960, '122.169.20.170'),
(3962, 3961, '122.169.20.170'),
(3963, 3962, '66.249.65.230'),
(3964, 3963, '103.228.39.91'),
(3965, 3964, '103.228.39.91'),
(3966, 3965, '103.228.39.91'),
(3967, 3966, '103.228.39.91'),
(3968, 3967, '103.228.39.91'),
(3969, 3968, '115.249.25.252'),
(3970, 3969, '103.228.39.91'),
(3971, 3970, '103.228.39.91'),
(3972, 3971, '103.228.39.91'),
(3973, 3972, '203.194.97.168'),
(3974, 3973, '182.48.238.21'),
(3975, 3974, '103.228.39.91'),
(3976, 3975, '103.228.39.91'),
(3977, 3976, '103.228.39.91'),
(3978, 3977, '103.228.39.91'),
(3979, 3978, '103.228.39.91'),
(3980, 3979, '103.228.39.91'),
(3981, 3980, '103.228.39.91'),
(3982, 3981, '103.228.39.91'),
(3983, 3982, '103.228.39.91'),
(3984, 3983, '182.48.238.21'),
(3985, 3984, '182.48.238.21'),
(3986, 3985, '103.228.39.91'),
(3987, 3986, '182.48.238.21'),
(3988, 3987, '103.228.39.91'),
(3989, 3988, '182.48.238.21'),
(3990, 3989, '103.228.39.91'),
(3991, 3990, '103.228.39.91'),
(3992, 3991, '103.228.39.91'),
(3993, 3992, '103.228.39.91'),
(3994, 3993, '103.228.39.91'),
(3995, 3994, '103.228.39.91'),
(3996, 3995, '103.228.39.91'),
(3997, 3996, '103.228.39.91'),
(3998, 3997, '182.48.238.21'),
(3999, 3998, '103.228.39.91'),
(4000, 3999, '103.228.39.91'),
(4001, 4000, '103.228.39.91'),
(4002, 4001, '103.228.39.91'),
(4003, 4002, '103.228.39.91'),
(4004, 4003, '103.228.39.91'),
(4005, 4004, '103.228.39.91'),
(4006, 4005, '103.228.39.91'),
(4007, 4006, '103.228.39.91'),
(4008, 4007, '103.228.39.91'),
(4009, 4008, '103.228.39.91'),
(4010, 4009, '103.228.39.91'),
(4011, 4010, '103.228.39.91'),
(4012, 4011, '103.228.39.91'),
(4013, 4012, '103.228.39.91'),
(4014, 4013, '103.228.39.91'),
(4015, 4014, '103.228.39.91'),
(4016, 4015, '203.194.97.254'),
(4017, 4016, '103.228.39.91'),
(4018, 4017, '103.228.39.91'),
(4019, 4018, '103.228.39.91'),
(4020, 4019, '103.228.39.91'),
(4021, 4020, '103.228.39.91'),
(4022, 4021, '103.228.39.91'),
(4023, 4022, '103.228.39.91'),
(4024, 4023, '103.228.39.91'),
(4025, 4024, '103.228.39.91'),
(4026, 4025, '182.48.238.21'),
(4027, 4026, '103.228.39.91'),
(4028, 4027, '103.228.39.91'),
(4029, 4028, '182.48.238.21'),
(4030, 4029, '182.48.238.21'),
(4031, 4030, '103.228.39.91'),
(4032, 4031, '182.48.238.21'),
(4033, 4032, '103.228.39.91'),
(4034, 4033, '103.228.39.91'),
(4035, 4034, '103.228.39.91'),
(4036, 4035, '103.228.39.91'),
(4037, 4036, '103.228.39.91'),
(4038, 4037, '182.48.238.21'),
(4039, 4038, '103.228.39.91'),
(4040, 4039, '103.228.39.91'),
(4041, 4040, '103.228.39.91'),
(4042, 4041, '103.228.39.91'),
(4043, 4042, '103.228.39.91'),
(4044, 4043, '66.249.90.94'),
(4045, 4044, '66.249.90.90'),
(4046, 4045, '180.76.15.16'),
(4047, 4046, '198.27.82.152'),
(4048, 4047, '198.27.82.152'),
(4049, 4048, '66.102.8.164'),
(4050, 4049, '69.30.250.178'),
(4051, 4050, '69.30.250.178'),
(4052, 4051, '1.186.41.18'),
(4053, 4052, '1.186.41.18'),
(4054, 4053, '62.212.73.49'),
(4055, 4054, '1.186.41.18'),
(4056, 4055, '14.99.42.116'),
(4057, 4056, '178.63.13.15');
INSERT INTO `hits` (`slno`, `count`, `page`) VALUES
(4058, 4057, '64.246.165.190');

-- --------------------------------------------------------

--
-- Table structure for table `login`
--

DROP TABLE IF EXISTS `login`;
CREATE TABLE IF NOT EXISTS `login` (
  `slno` bigint(50) NOT NULL AUTO_INCREMENT,
  `name` varchar(200) NOT NULL,
  `class` varchar(200) NOT NULL,
  `phone` bigint(11) NOT NULL,
  `email` varchar(50) NOT NULL,
  `password` varchar(50) NOT NULL,
  `status` int(1) NOT NULL,
  `school` varchar(200) NOT NULL,
  `city` varchar(200) NOT NULL,
  `creat_date` date NOT NULL,
  `end_date` date NOT NULL,
  `month` varchar(20) NOT NULL,
  `level` int(200) NOT NULL,
  `pro_pic` text,
  UNIQUE KEY `slno` (`slno`)
) ENGINE=InnoDB  DEFAULT CHARSET=latin1 AUTO_INCREMENT=28 ;

--
-- Dumping data for table `login`
--

INSERT INTO `login` (`slno`, `name`, `class`, `phone`, `email`, `password`, `status`, `school`, `city`, `creat_date`, `end_date`, `month`, `level`, `pro_pic`) VALUES
(1, 'admin', '', 0, 'admin', 'admin', 1, '', '', '0000-00-00', '0000-00-00', '', 0, NULL),
(2, 'daya', '9', 1234567891, 'dayanidhi@krititech.in', 'da', 0, 'stewart', 'bhubaneswar', '0000-00-00', '0000-00-00', '', 0, NULL),
(3, 'Akshaya Chandra Behera', '10', 9437359059, 'akshay.behera@gmail.com', 'mitu2004', 0, 'mpc', 'bbsr', '0000-00-00', '0000-00-00', '', 0, NULL),
(4, 'amiya', '10', 9437027300, 'sendtoamiya@gmail.com', '123', 0, 'mpc', 'bbser', '0000-00-00', '0000-00-00', '', 0, NULL),
(5, 'surya', '10', 9004653799, 'raveebhargav@gmail.com', 'alex3690', 0, 'K V Trombay', 'Mumbai', '0000-00-00', '0000-00-00', '', 0, NULL),
(6, 'sagar', '10', 1234567890, 'sagar@gmail.com', 'sagar', 0, 'stewart', 'bbsr', '0000-00-00', '0000-00-00', '', 0, NULL),
(7, 'Dave', '10', 8598843589, 'reachdebasish@gmail.com', 'debasish', 0, 'DE PAUL', 'Berhampur', '0000-00-00', '0000-00-00', '', 0, NULL),
(8, 'sivaram', '10', 8142181155, 'sivaram@ribhasolutions.com', '123456', 0, 'dps navi mumbai', 'vashi', '0000-00-00', '0000-00-00', '', 0, NULL),
(9, 'john', '10', 39556247736, 'john@hotmail.com', '', 0, 'vnugOGNfaLgkLCpAusH', 'New York', '0000-00-00', '0000-00-00', '', 0, NULL),
(10, 'NEHA KUMARI', '10', 7549246932, 'neha.ku52@gmail.com', 'neha', 0, 'b. n. h. s. teyai', 'teghra', '0000-00-00', '0000-00-00', '', 0, NULL),
(11, 'pallavi', '10', 9999999999, 'pallavi.more@c9live.com', '12345678', 0, 'vashi', 'vashi', '0000-00-00', '0000-00-00', '', 0, 'propic/pallavi.more@c9live.com/friend_pic_1.jpg'),
(13, 'Pranil', '9', 987654321, 'pranil.mhatre@c9live.com', '12345', 0, 'abcd high school', 'navi mumbai', '0000-00-00', '0000-00-00', '', 0, NULL),
(21, 'Satish', '9', 9876543211, 'satish.ingole@c9live.com', '12345', 0, 'abcd high school', 'navi mumbai', '0000-00-00', '0000-00-00', '', 0, 'propic/satish.ingole@c9live.com/Lighthouse.jpg'),
(22, 'SHISHIR KUMAR BEHERA', '9', 9007012732, 'shishirbehera@gmail.com', 'navodaya', 0, '', '', '0000-00-00', '0000-00-00', '', 0, 'propic/shishirbehera@gmail.com/'),
(23, 'abc', '10', 9923458255, 'abc@gmail.com', '1234', 0, 'shantiniketan', 'Mumbai', '0000-00-00', '0000-00-00', '', 0, 'propic/abc@gmail.com/Desert.jpg'),
(24, 'rahul', '10', 9870099938, 'rahul@gmail.com', 'qwerty', 0, 'ABC', 'Mumbai', '0000-00-00', '0000-00-00', '', 0, 'propic/rahul@gmail.com/Jellyfish.jpg'),
(25, 'rahul', '9', 9874563210, 'rahul.shinde@c9live.com', '123456', 0, 'ABC', 'Gurgaon', '0000-00-00', '0000-00-00', '', 0, 'propic/rahul.shinde@c9live.com/Desert.jpg'),
(26, 'Bradley', 'nSSNtrDTazJE', 20206009631, 'djbrucho3@gmail.com', '', 0, '', '', '0000-00-00', '0000-00-00', '', 0, NULL),
(27, 'rahul', '9', 9870099938, 'rahul123@gmail.com', '123456', 0, 'ABC', 'Mumbai', '0000-00-00', '0000-00-00', '', 0, 'propic/rahul123@gmail.com/Desert.jpg');

-- --------------------------------------------------------

--
-- Table structure for table `news`
--

DROP TABLE IF EXISTS `news`;
CREATE TABLE IF NOT EXISTS `news` (
  `slno` int(10) NOT NULL AUTO_INCREMENT,
  `news` text NOT NULL,
  `date` date NOT NULL,
  `link` varchar(200) NOT NULL,
  PRIMARY KEY (`slno`)
) ENGINE=InnoDB  DEFAULT CHARSET=latin1 AUTO_INCREMENT=9 ;

--
-- Dumping data for table `news`
--

INSERT INTO `news` (`slno`, `news`, `date`, `link`) VALUES
(6, '<p>Manohar Parrikar, an IIT-ian, is the new Defence Minister. Education matters in the new world !</p>', '2014-11-06', ''),
(7, '&lt;p&gt;&lt;span style=&quot;text-decoration: underline;&quot;&gt;&lt;a title=&quot;Banks to lower rate, may help student education loans&quot; href=&quot;http://www.livemint.com/Industry/lbdG8zZZlZVElVu9LzkKnN/Bank-rates-set-to-fall-over-next-few-months.html&quot;&gt;Bank to reduce interest rates over next few months&lt;/a&gt;&lt;/span&gt;&lt;/p&gt;', '2014-11-06', 'http://www.livemint.com/Industry/lbdG8zZZlZVElVu9LzkKnN/Bank-rates-set-to-fall-over-next-few-months.html'),
(8, '&lt;p&gt;CBSE Board may be made mandatory again&lt;/p&gt;', '2014-12-23', 'http://articles.economictimes.indiatimes.com/2014-11-21/news/56340083_1_class-10-board-exams-cbse-class-smriti-irani');

-- --------------------------------------------------------

--
-- Table structure for table `oldquestion`
--

DROP TABLE IF EXISTS `oldquestion`;
CREATE TABLE IF NOT EXISTS `oldquestion` (
  `id` int(11) NOT NULL AUTO_INCREMENT,
  `class_id` int(11) NOT NULL,
  `subject_id` int(11) NOT NULL,
  `oldquestion` text NOT NULL,
  `year` varchar(200) NOT NULL,
  PRIMARY KEY (`id`)
) ENGINE=InnoDB  DEFAULT CHARSET=latin1 AUTO_INCREMENT=41 ;

--
-- Dumping data for table `oldquestion`
--

INSERT INTO `oldquestion` (`id`, `class_id`, `subject_id`, `oldquestion`, `year`) VALUES
(7, 10, 22, 'image/math10.pdf', '2010'),
(8, 10, 22, 'image/SQP_MA_X_I.pdf', '2011'),
(9, 10, 22, 'image/X_Mathematics0001.pdf', '2012'),
(10, 10, 22, 'image/X_Mathematics0002.pdf', '2013'),
(15, 10, 24, 'image/SQP_SC_X_I.pdf', '2010'),
(16, 10, 24, 'image/Science.pdf', '2011'),
(17, 10, 24, 'image/X_Science0001.pdf', '2012'),
(18, 10, 24, 'image/X_Science0002.pdf', '2013'),
(19, 10, 24, 'image/SCIENCE_THEOR_10.pdf', '2009'),
(20, 10, 22, 'image/X_Mathemetic_3.pdf', '2009'),
(21, 9, 26, 'image/Sample written test-1.pdf', 'sample question'),
(22, 9, 26, 'image/sample questions-2.pdf', 'sample question'),
(23, 9, 26, 'image/sample question - 3.pdf', '2014'),
(24, 9, 26, 'image/sample questions -4.pdf', '2014'),
(25, 9, 26, 'image/sample question -5.pdf', '2014'),
(26, 9, 25, 'image/sample questions_science_1.pdf', '2014'),
(27, 9, 25, 'image/sample questions_science_2.pdf', '2014'),
(28, 9, 25, 'image/sample questions_science_3.pdf', '2014'),
(29, 9, 25, 'image/sample questions_science_5.pdf', '2014'),
(30, 9, 25, 'image/sample questions_science_4.pdf', '2014'),
(31, 9, 25, 'image/sample questions_science_6.pdf', '2014'),
(32, 9, 25, 'image/sample questions_science_7.pdf', '2014'),
(33, 9, 25, 'image/sample questions_science_8.pdf', '2014'),
(34, 9, 25, 'image/sample questions_science_9.pdf', '2014'),
(35, 9, 25, 'image/sample questions_science_10.pdf', '2014'),
(36, 9, 26, 'image/sample question_maths_6.pdf', '2014'),
(37, 9, 26, 'image/sample question_maths_7.pdf', '2014'),
(38, 9, 26, 'image/sample questions_math_8.pdf', '2014'),
(39, 9, 26, 'image/sample questions_maths_9.pdf', '2014'),
(40, 9, 26, 'image/sample_questions_maths_10.pdf', '2014');

-- --------------------------------------------------------

--
-- Table structure for table `quiz`
--

DROP TABLE IF EXISTS `quiz`;
CREATE TABLE IF NOT EXISTS `quiz` (
  `slno` int(10) NOT NULL AUTO_INCREMENT,
  `quiz` text NOT NULL,
  `status` int(10) NOT NULL,
  `classid` varchar(200) NOT NULL,
  `subjectid` varchar(200) NOT NULL,
  `topicid` varchar(200) NOT NULL,
  UNIQUE KEY `slno` (`slno`)
) ENGINE=InnoDB  DEFAULT CHARSET=latin1 AUTO_INCREMENT=2 ;

--
-- Dumping data for table `quiz`
--

INSERT INTO `quiz` (`slno`, `quiz`, `status`, `classid`, `subjectid`, `topicid`) VALUES
(1, 'image/sample1.pdf', 1, '10', '24', '37');

-- --------------------------------------------------------

--
-- Table structure for table `select_answer`
--

DROP TABLE IF EXISTS `select_answer`;
CREATE TABLE IF NOT EXISTS `select_answer` (
  `id` int(11) NOT NULL AUTO_INCREMENT,
  `userid` varchar(20) NOT NULL,
  `name` varchar(50) NOT NULL,
  `class` varchar(500) NOT NULL,
  `subject` varchar(500) NOT NULL,
  `topic` varchar(500) NOT NULL,
  `question` varchar(500) NOT NULL,
  `answer` int(20) NOT NULL,
  `time` varchar(100) NOT NULL,
  `mark` varchar(50) NOT NULL,
  `date` date NOT NULL,
  UNIQUE KEY `id` (`id`)
) ENGINE=InnoDB  DEFAULT CHARSET=latin1 AUTO_INCREMENT=252 ;

--
-- Dumping data for table `select_answer`
--

INSERT INTO `select_answer` (`id`, `userid`, `name`, `class`, `subject`, `topic`, `question`, `answer`, `time`, `mark`, `date`) VALUES
(1, '7', 'Dave', '9', '25', '21', '330', 1, '1416810401', '0', '2014-11-24'),
(2, '7', 'Dave', '9', '25', '21', '331', 1, '1416810401', '0', '2014-11-24'),
(3, '7', 'Dave', '9', '25', '21', '332', 1, '1416810401', '0', '2014-11-24'),
(4, '7', 'Dave', '9', '25', '21', '333', 1, '1416810401', '0', '2014-11-24'),
(5, '7', 'Dave', '9', '25', '21', '334', 2, '1416810401', '1', '2014-11-24'),
(6, '7', 'Dave', '9', '25', '21', '335', 3, '1416810401', '0', '2014-11-24'),
(7, '7', 'Dave', '9', '25', '21', '336', 2, '1416810401', '0', '2014-11-24'),
(8, '7', 'Dave', '9', '25', '21', '337', 3, '1416810401', '1', '2014-11-24'),
(9, '7', 'Dave', '9', '25', '21', '338', 3, '1416810401', '0', '2014-11-24'),
(10, '7', 'Dave', '9', '25', '21', '339', 2, '1416810401', '0', '2014-11-24'),
(11, '7', 'Dave', '9', '25', '21', '340', 0, '1416810401', '0', '2014-11-24'),
(12, '7', 'Dave', '9', '25', '21', '341', 0, '1416810401', '0', '2014-11-24'),
(13, '7', 'Dave', '9', '25', '21', '342', 0, '1416810401', '0', '2014-11-24'),
(14, '7', 'Dave', '9', '25', '21', '343', 0, '1416810401', '0', '2014-11-24'),
(15, '7', 'Dave', '9', '25', '21', '344', 0, '1416810401', '0', '2014-11-24'),
(16, '7', 'Dave', '9', '25', '21', '345', 0, '1416810401', '0', '2014-11-24'),
(17, '7', 'Dave', '9', '25', '21', '346', 0, '1416810401', '0', '2014-11-24'),
(18, '7', 'Dave', '9', '25', '21', '347', 0, '1416810401', '0', '2014-11-24'),
(19, '7', 'Dave', '9', '25', '21', '348', 0, '1416810401', '0', '2014-11-24'),
(20, '7', 'Dave', '9', '25', '21', '349', 0, '1416810401', '0', '2014-11-24'),
(21, '5', 'surya', '9', '26', '40', '530', 2, '1417682381', '0', '2014-12-04'),
(22, '5', 'surya', '9', '26', '40', '531', 2, '1417682381', '0', '2014-12-04'),
(23, '5', 'surya', '9', '26', '40', '532', 2, '1417682381', '0', '2014-12-04'),
(24, '5', 'surya', '9', '26', '40', '533', 3, '1417682381', '0', '2014-12-04'),
(25, '8', 'sivaram', '10', '24', '37', '415', 1, '1417936034', '0', '2014-12-07'),
(26, '8', 'sivaram', '10', '24', '37', '428', 2, '1417936034', '1', '2014-12-07'),
(27, '8', 'sivaram', '10', '24', '37', '429', 2, '1417936034', '0', '2014-12-07'),
(28, '8', 'sivaram', '10', '24', '37', '430', 2, '1417936034', '0', '2014-12-07'),
(29, '8', 'sivaram', '10', '24', '37', '431', 3, '1417936034', '0', '2014-12-07'),
(30, '8', 'sivaram', '10', '24', '37', '471', 3, '1417936034', '0', '2014-12-07'),
(31, '8', 'sivaram', '10', '24', '37', '472', 3, '1417936034', '0', '2014-12-07'),
(32, '8', 'sivaram', '10', '24', '37', '473', 3, '1417936034', '0', '2014-12-07'),
(33, '8', 'sivaram', '10', '24', '37', '475', 3, '1417936034', '0', '2014-12-07'),
(34, '8', 'sivaram', '10', '24', '37', '476', 2, '1417936034', '0', '2014-12-07'),
(35, '2', 'daya', '10', '24', '37', '415', 1, '1418285152', '0', '2014-12-11'),
(36, '2', 'daya', '10', '24', '37', '428', 4, '1418285152', '0', '2014-12-11'),
(37, '2', 'daya', '10', '24', '37', '429', 2, '1418285152', '1', '2014-12-11'),
(38, '2', 'daya', '10', '24', '37', '430', 2, '1418285152', '0', '2014-12-11'),
(39, '2', 'daya', '10', '24', '37', '431', 3, '1418285152', '0', '2014-12-11'),
(40, '2', 'daya', '10', '24', '37', '471', 3, '1418285152', '0', '2014-12-11'),
(41, '2', 'daya', '10', '24', '37', '472', 3, '1418285152', '0', '2014-12-11'),
(42, '2', 'daya', '10', '24', '37', '473', 1, '1418285152', '1', '2014-12-11'),
(43, '2', 'daya', '10', '24', '37', '475', 3, '1418285152', '0', '2014-12-11'),
(44, '2', 'daya', '10', '24', '37', '476', 2, '1418285152', '0', '2014-12-11'),
(45, '2', 'daya', '10', '24', '37', '477', 1, '1418285500', '0', '2014-12-11'),
(46, '2', 'daya', '10', '24', '37', '478', 1, '1418285500', '0', '2014-12-11'),
(47, '2', 'daya', '10', '24', '37', '479', 1, '1418285500', '0', '2014-12-11'),
(48, '2', 'daya', '10', '24', '37', '480', 1, '1418285500', '1', '2014-12-11'),
(49, '2', 'daya', '10', '24', '37', '481', 3, '1418285500', '0', '2014-12-11'),
(50, '2', 'daya', '10', '24', '37', '482', 3, '1418285500', '0', '2014-12-11'),
(51, '2', 'daya', '10', '24', '37', '483', 3, '1418285500', '0', '2014-12-11'),
(52, '2', 'daya', '10', '24', '37', '484', 1, '1418285500', '0', '2014-12-11'),
(53, '2', 'daya', '10', '24', '37', '485', 1, '1418285500', '0', '2014-12-11'),
(54, '2', 'daya', '10', '24', '37', '486', 1, '1418285500', '0', '2014-12-11'),
(55, '2', 'daya', '10', '24', '37', '487', 1, '1418285647', '0', '2014-12-11'),
(56, '2', 'daya', '10', '24', '37', '488', 2, '1418285647', '0', '2014-12-11'),
(57, '2', 'daya', '10', '24', '37', '489', 2, '1418285647', '1', '2014-12-11'),
(58, '2', 'daya', '10', '24', '37', '490', 2, '1418285647', '0', '2014-12-11'),
(59, '2', 'daya', '10', '24', '37', '491', 1, '1418285647', '0', '2014-12-11'),
(60, '2', 'daya', '10', '24', '37', '492', 1, '1418285647', '0', '2014-12-11'),
(61, '2', 'daya', '10', '24', '37', '493', 1, '1418285647', '0', '2014-12-11'),
(62, '2', 'daya', '10', '24', '37', '494', 3, '1418285647', '0', '2014-12-11'),
(63, '2', 'daya', '10', '24', '37', '495', 3, '1418285647', '0', '2014-12-11'),
(64, '2', 'daya', '10', '24', '37', '496', 3, '1418285647', '0', '2014-12-11'),
(65, '2', 'daya', '10', '24', '37', '497', 1, '1418297948', '0', '2014-12-11'),
(66, '2', 'daya', '10', '24', '37', '498', 1, '1418297948', '0', '2014-12-11'),
(67, '2', 'daya', '10', '24', '37', '499', 1, '1418297948', '0', '2014-12-11'),
(68, '2', 'daya', '10', '24', '37', '500', 1, '1418297948', '0', '2014-12-11'),
(69, '2', 'daya', '10', '24', '37', '501', 1, '1418297948', '1', '2014-12-11'),
(70, '2', 'daya', '10', '24', '37', '502', 1, '1418297948', '0', '2014-12-11'),
(71, '2', 'daya', '10', '24', '37', '503', 1, '1418297948', '0', '2014-12-11'),
(72, '2', 'daya', '10', '24', '37', '504', 1, '1418297948', '0', '2014-12-11'),
(73, '2', 'daya', '10', '24', '37', '505', 1, '1418297948', '0', '2014-12-11'),
(74, '2', 'daya', '10', '24', '37', '506', 2, '1418297948', '0', '2014-12-11'),
(75, '5', 'surya', '9', '25', '23', '375', 2, '1418493484', '1', '2014-12-13'),
(76, '5', 'surya', '9', '25', '23', '376', 3, '1418493484', '0', '2014-12-13'),
(77, '5', 'surya', '9', '25', '23', '377', 2, '1418493484', '0', '2014-12-13'),
(78, '5', 'surya', '9', '25', '23', '378', 2, '1418493484', '0', '2014-12-13'),
(79, '5', 'surya', '9', '25', '23', '379', 3, '1418493484', '0', '2014-12-13'),
(80, '5', 'surya', '9', '25', '23', '380', 3, '1418493484', '0', '2014-12-13'),
(81, '5', 'surya', '9', '25', '23', '381', 3, '1418493484', '0', '2014-12-13'),
(82, '5', 'surya', '9', '25', '23', '382', 3, '1418493484', '1', '2014-12-13'),
(83, '5', 'surya', '9', '25', '23', '383', 3, '1418493484', '1', '2014-12-13'),
(84, '5', 'surya', '9', '25', '23', '384', 3, '1418493484', '0', '2014-12-13'),
(85, '5', 'surya', '9', '25', '23', '385', 0, '1418493484', '0', '2014-12-13'),
(86, '5', 'surya', '9', '25', '23', '386', 0, '1418493484', '0', '2014-12-13'),
(87, '5', 'surya', '9', '25', '23', '387', 0, '1418493484', '0', '2014-12-13'),
(88, '5', 'surya', '9', '25', '23', '388', 0, '1418493484', '0', '2014-12-13'),
(89, '5', 'surya', '9', '25', '23', '389', 0, '1418493484', '0', '2014-12-13'),
(90, '5', 'surya', '9', '25', '23', '390', 0, '1418493484', '0', '2014-12-13'),
(91, '5', 'surya', '9', '25', '23', '391', 0, '1418493484', '0', '2014-12-13'),
(92, '5', 'surya', '9', '25', '23', '392', 0, '1418493484', '0', '2014-12-13'),
(93, '5', 'surya', '9', '25', '23', '393', 0, '1418493484', '0', '2014-12-13'),
(94, '5', 'surya', '9', '25', '23', '394', 0, '1418493484', '0', '2014-12-13'),
(95, '2', 'daya', '9', '26', '36', '135', 0, '1420711727', '0', '2015-01-08'),
(96, '2', 'daya', '9', '26', '36', '396', 0, '1420711727', '0', '2015-01-08'),
(97, '2', 'daya', '9', '26', '36', '399', 0, '1420711727', '0', '2015-01-08'),
(98, '2', 'daya', '9', '26', '36', '400', 0, '1420711727', '0', '2015-01-08'),
(99, '2', 'daya', '9', '26', '36', '528', 0, '1420711727', '0', '2015-01-08'),
(100, '2', 'daya', '9', '26', '36', '529', 1, '1420711727', '1', '2015-01-08'),
(126, '2', 'daya', '9', '26', '39', '474', 0, '1420715831', '0', '2015-01-08'),
(127, '5', 'surya', '10', '24', '37', '415', 0, '1422159585', '0', '2015-01-24'),
(128, '5', 'surya', '10', '24', '37', '428', 0, '1422159585', '0', '2015-01-24'),
(129, '5', 'surya', '10', '24', '37', '429', 0, '1422159585', '0', '2015-01-24'),
(130, '5', 'surya', '10', '24', '37', '430', 0, '1422159585', '0', '2015-01-24'),
(131, '5', 'surya', '10', '24', '37', '431', 0, '1422159585', '0', '2015-01-24'),
(132, '5', 'surya', '10', '24', '37', '471', 0, '1422159585', '0', '2015-01-24'),
(133, '5', 'surya', '10', '24', '37', '472', 0, '1422159585', '0', '2015-01-24'),
(134, '5', 'surya', '10', '24', '37', '473', 0, '1422159585', '0', '2015-01-24'),
(135, '5', 'surya', '10', '24', '37', '475', 0, '1422159585', '0', '2015-01-24'),
(136, '5', 'surya', '10', '24', '37', '476', 0, '1422159585', '0', '2015-01-24'),
(137, '', '', '9', '25', '21', '330', 0, '', '0', '2015-02-01'),
(138, '', '', '9', '25', '21', '331', 0, '', '0', '2015-02-01'),
(139, '', '', '9', '25', '21', '332', 0, '', '0', '2015-02-01'),
(140, '', '', '9', '25', '21', '333', 0, '', '0', '2015-02-01'),
(141, '', '', '9', '25', '21', '334', 0, '', '0', '2015-02-01'),
(142, '', '', '9', '25', '21', '335', 0, '', '0', '2015-02-01'),
(143, '', '', '9', '25', '21', '336', 0, '', '0', '2015-02-01'),
(144, '', '', '9', '25', '21', '337', 0, '', '0', '2015-02-01'),
(145, '', '', '9', '25', '21', '338', 0, '', '0', '2015-02-01'),
(146, '', '', '9', '25', '21', '339', 0, '', '0', '2015-02-01'),
(147, '3', 'Akshaya Chandra Behera', '10', '24', '37', '415', 3, '1423237297', '0', '2015-02-06'),
(148, '3', 'Akshaya Chandra Behera', '10', '24', '37', '428', 3, '1423237297', '0', '2015-02-06'),
(149, '3', 'Akshaya Chandra Behera', '10', '24', '37', '429', 3, '1423237297', '0', '2015-02-06'),
(150, '3', 'Akshaya Chandra Behera', '10', '24', '37', '430', 3, '1423237297', '0', '2015-02-06'),
(151, '3', 'Akshaya Chandra Behera', '10', '24', '37', '431', 3, '1423237297', '0', '2015-02-06'),
(152, '3', 'Akshaya Chandra Behera', '10', '24', '37', '471', 3, '1423237297', '0', '2015-02-06'),
(153, '3', 'Akshaya Chandra Behera', '10', '24', '37', '472', 3, '1423237297', '0', '2015-02-06'),
(154, '3', 'Akshaya Chandra Behera', '10', '24', '37', '473', 3, '1423237297', '0', '2015-02-06'),
(155, '3', 'Akshaya Chandra Behera', '10', '24', '37', '475', 3, '1423237297', '0', '2015-02-06'),
(156, '3', 'Akshaya Chandra Behera', '10', '24', '37', '476', 3, '1423237297', '0', '2015-02-06'),
(157, '5', 'surya', '10', '24', '37', '477', 0, '1423887148', '0', '2015-02-13'),
(158, '5', 'surya', '10', '24', '37', '478', 0, '1423887148', '0', '2015-02-13'),
(159, '5', 'surya', '10', '24', '37', '479', 0, '1423887148', '0', '2015-02-13'),
(160, '5', 'surya', '10', '24', '37', '480', 0, '1423887148', '0', '2015-02-13'),
(161, '5', 'surya', '10', '24', '37', '481', 0, '1423887148', '0', '2015-02-13'),
(162, '5', 'surya', '10', '24', '37', '482', 0, '1423887148', '0', '2015-02-13'),
(163, '5', 'surya', '10', '24', '37', '483', 0, '1423887148', '0', '2015-02-13'),
(164, '5', 'surya', '10', '24', '37', '484', 0, '1423887148', '0', '2015-02-13'),
(165, '5', 'surya', '10', '24', '37', '485', 0, '1423887148', '0', '2015-02-13'),
(166, '5', 'surya', '10', '24', '37', '486', 0, '1423887148', '0', '2015-02-13'),
(167, '11', 'pallavi', '10', '24', '37', '415', 0, '1424338794', '0', '2015-02-19'),
(168, '11', 'pallavi', '10', '24', '37', '428', 0, '1424338794', '0', '2015-02-19'),
(169, '11', 'pallavi', '10', '24', '37', '429', 0, '1424338794', '0', '2015-02-19'),
(170, '11', 'pallavi', '10', '24', '37', '430', 0, '1424338794', '0', '2015-02-19'),
(171, '11', 'pallavi', '10', '24', '37', '431', 0, '1424338794', '0', '2015-02-19'),
(172, '11', 'pallavi', '10', '24', '37', '471', 0, '1424338794', '0', '2015-02-19'),
(173, '11', 'pallavi', '10', '24', '37', '472', 0, '1424338794', '0', '2015-02-19'),
(174, '11', 'pallavi', '10', '24', '37', '473', 0, '1424338794', '0', '2015-02-19'),
(175, '11', 'pallavi', '10', '24', '37', '475', 0, '1424338794', '0', '2015-02-19'),
(176, '11', 'pallavi', '10', '24', '37', '476', 0, '1424338794', '0', '2015-02-19'),
(177, '2', 'daya', '9', '25', '21', '330', 0, '1424342093', '0', '2015-02-19'),
(178, '2', 'daya', '9', '25', '21', '331', 0, '1424342093', '0', '2015-02-19'),
(179, '2', 'daya', '9', '25', '21', '332', 0, '1424342093', '0', '2015-02-19'),
(180, '2', 'daya', '9', '25', '21', '333', 0, '1424342093', '0', '2015-02-19'),
(181, '2', 'daya', '9', '25', '21', '334', 0, '1424342093', '0', '2015-02-19'),
(182, '2', 'daya', '9', '25', '21', '335', 0, '1424342093', '0', '2015-02-19'),
(183, '2', 'daya', '9', '25', '21', '336', 0, '1424342093', '0', '2015-02-19'),
(184, '2', 'daya', '9', '25', '21', '337', 0, '1424342093', '0', '2015-02-19'),
(185, '2', 'daya', '9', '25', '21', '338', 0, '1424342093', '0', '2015-02-19'),
(186, '2', 'daya', '9', '25', '21', '339', 0, '1424342093', '0', '2015-02-19'),
(187, '2', 'daya', '9', '25', '21', '340', 0, '1424347947', '0', '2015-02-19'),
(188, '2', 'daya', '9', '25', '21', '341', 0, '1424347947', '0', '2015-02-19'),
(189, '2', 'daya', '9', '25', '21', '342', 0, '1424347947', '0', '2015-02-19'),
(190, '2', 'daya', '9', '25', '21', '343', 0, '1424347947', '0', '2015-02-19'),
(191, '2', 'daya', '9', '25', '21', '344', 0, '1424347947', '0', '2015-02-19'),
(192, '2', 'daya', '9', '25', '21', '345', 0, '1424347947', '0', '2015-02-19'),
(193, '2', 'daya', '9', '25', '21', '346', 0, '1424347947', '0', '2015-02-19'),
(194, '2', 'daya', '9', '25', '21', '347', 0, '1424347947', '0', '2015-02-19'),
(195, '2', 'daya', '9', '25', '21', '348', 0, '1424347947', '0', '2015-02-19'),
(196, '2', 'daya', '9', '25', '21', '349', 0, '1424347947', '0', '2015-02-19'),
(197, '11', 'pallavi', '10', '24', '37', '477', 0, '1424368199', '0', '2015-02-19'),
(198, '11', 'pallavi', '10', '24', '37', '478', 0, '1424368199', '0', '2015-02-19'),
(199, '11', 'pallavi', '10', '24', '37', '479', 0, '1424368199', '0', '2015-02-19'),
(200, '11', 'pallavi', '10', '24', '37', '480', 0, '1424368199', '0', '2015-02-19'),
(201, '11', 'pallavi', '10', '24', '37', '481', 0, '1424368199', '0', '2015-02-19'),
(202, '11', 'pallavi', '10', '24', '37', '482', 0, '1424368199', '0', '2015-02-19'),
(203, '11', 'pallavi', '10', '24', '37', '483', 0, '1424368199', '0', '2015-02-19'),
(204, '11', 'pallavi', '10', '24', '37', '484', 0, '1424368199', '0', '2015-02-19'),
(205, '11', 'pallavi', '10', '24', '37', '485', 0, '1424368199', '0', '2015-02-19'),
(206, '11', 'pallavi', '10', '24', '37', '486', 0, '1424368199', '0', '2015-02-19'),
(207, '11', 'pallavi', '10', '24', '37', '487', 0, '1424405264', '0', '2015-02-19'),
(208, '11', 'pallavi', '10', '24', '37', '488', 0, '1424405264', '0', '2015-02-19'),
(209, '11', 'pallavi', '10', '24', '37', '489', 0, '1424405264', '0', '2015-02-19'),
(210, '11', 'pallavi', '10', '24', '37', '490', 0, '1424405264', '0', '2015-02-19'),
(211, '11', 'pallavi', '10', '24', '37', '491', 0, '1424405264', '0', '2015-02-19'),
(212, '11', 'pallavi', '10', '24', '37', '492', 0, '1424405264', '0', '2015-02-19'),
(213, '11', 'pallavi', '10', '24', '37', '493', 0, '1424405264', '0', '2015-02-19'),
(214, '11', 'pallavi', '10', '24', '37', '494', 0, '1424405264', '0', '2015-02-19'),
(215, '11', 'pallavi', '10', '24', '37', '495', 0, '1424405264', '0', '2015-02-19'),
(216, '11', 'pallavi', '10', '24', '37', '496', 0, '1424405264', '0', '2015-02-19'),
(217, '11', 'pallavi', '10', '24', '37', '497', 0, '1424413640', '0', '2015-02-20'),
(218, '11', 'pallavi', '10', '24', '37', '498', 0, '1424413640', '0', '2015-02-20'),
(219, '11', 'pallavi', '10', '24', '37', '499', 0, '1424413640', '0', '2015-02-20'),
(220, '11', 'pallavi', '10', '24', '37', '500', 0, '1424413640', '0', '2015-02-20'),
(221, '11', 'pallavi', '10', '24', '37', '501', 0, '1424413640', '0', '2015-02-20'),
(222, '11', 'pallavi', '10', '24', '37', '502', 0, '1424413640', '0', '2015-02-20'),
(223, '11', 'pallavi', '10', '24', '37', '503', 0, '1424413640', '0', '2015-02-20'),
(224, '11', 'pallavi', '10', '24', '37', '504', 0, '1424413640', '0', '2015-02-20'),
(225, '11', 'pallavi', '10', '24', '37', '505', 0, '1424413640', '0', '2015-02-20'),
(226, '11', 'pallavi', '10', '24', '37', '506', 0, '1424413640', '0', '2015-02-20'),
(227, '11', 'pallavi', '10', '24', '37', '507', 0, '1424416821', '0', '2015-02-20'),
(228, '11', 'pallavi', '10', '24', '37', '508', 0, '1424416821', '0', '2015-02-20'),
(229, '11', 'pallavi', '10', '24', '37', '509', 0, '1424416821', '0', '2015-02-20'),
(230, '11', 'pallavi', '10', '24', '37', '510', 0, '1424416821', '0', '2015-02-20'),
(231, '11', 'pallavi', '10', '24', '37', '511', 0, '1424416821', '0', '2015-02-20'),
(232, '11', 'pallavi', '10', '24', '37', '512', 0, '1424416821', '0', '2015-02-20'),
(233, '11', 'pallavi', '10', '24', '37', '513', 0, '1424416821', '0', '2015-02-20'),
(234, '11', 'pallavi', '10', '24', '37', '514', 0, '1424416821', '0', '2015-02-20'),
(235, '11', 'pallavi', '10', '24', '37', '515', 0, '1424416821', '0', '2015-02-20'),
(236, '11', 'pallavi', '10', '24', '37', '516', 0, '1424416821', '0', '2015-02-20'),
(237, '11', 'pallavi', '10', '24', '37', '517', 0, '1424417241', '0', '2015-02-20'),
(238, '11', 'pallavi', '10', '24', '37', '518', 0, '1424417241', '0', '2015-02-20'),
(239, '11', 'pallavi', '10', '24', '37', '519', 0, '1424417241', '0', '2015-02-20'),
(240, '11', 'pallavi', '10', '24', '37', '520', 0, '1424417241', '0', '2015-02-20'),
(241, '11', 'pallavi', '10', '24', '37', '521', 0, '1424417241', '0', '2015-02-20'),
(242, '11', 'pallavi', '10', '24', '37', '522', 0, '1424417241', '0', '2015-02-20'),
(243, '11', 'pallavi', '10', '24', '37', '523', 0, '1424417241', '0', '2015-02-20'),
(244, '11', 'pallavi', '10', '24', '37', '524', 0, '1424417241', '0', '2015-02-20'),
(245, '11', 'pallavi', '10', '24', '37', '525', 0, '1424417241', '0', '2015-02-20'),
(246, '11', 'pallavi', '10', '24', '37', '526', 0, '1424417241', '0', '2015-02-20'),
(247, '11', 'pallavi', '10', '24', '37', '527', 0, '1424417281', '0', '2015-02-20'),
(248, '2', 'daya', '9', '26', '40', '530', 0, '1424422534', '0', '2015-02-20'),
(249, '2', 'daya', '9', '26', '40', '531', 0, '1424422534', '0', '2015-02-20'),
(250, '2', 'daya', '9', '26', '40', '532', 0, '1424422534', '0', '2015-02-20'),
(251, '2', 'daya', '9', '26', '40', '533', 0, '1424422534', '0', '2015-02-20');

-- --------------------------------------------------------

--
-- Table structure for table `student_answer`
--

DROP TABLE IF EXISTS `student_answer`;
CREATE TABLE IF NOT EXISTS `student_answer` (
  `id` int(11) NOT NULL AUTO_INCREMENT,
  `class_id` int(11) NOT NULL,
  `subject_id` int(11) NOT NULL,
  `topic_id` int(11) NOT NULL,
  `question_id` int(11) NOT NULL,
  `answers` varchar(200) NOT NULL,
  `correctanswer` varchar(100) NOT NULL,
  `fullmark` varchar(100) NOT NULL,
  `date` date NOT NULL,
  PRIMARY KEY (`id`)
) ENGINE=MyISAM DEFAULT CHARSET=latin1 AUTO_INCREMENT=1 ;

-- --------------------------------------------------------

--
-- Table structure for table `student_class`
--

DROP TABLE IF EXISTS `student_class`;
CREATE TABLE IF NOT EXISTS `student_class` (
  `id` int(11) NOT NULL AUTO_INCREMENT,
  `class` varchar(100) NOT NULL,
  PRIMARY KEY (`id`)
) ENGINE=MyISAM  DEFAULT CHARSET=latin1 AUTO_INCREMENT=13 ;

--
-- Dumping data for table `student_class`
--

INSERT INTO `student_class` (`id`, `class`) VALUES
(9, 'IX'),
(10, 'X'),
(11, 'General Knowledge');

-- --------------------------------------------------------

--
-- Table structure for table `student_information`
--

DROP TABLE IF EXISTS `student_information`;
CREATE TABLE IF NOT EXISTS `student_information` (
  `slno` int(10) NOT NULL AUTO_INCREMENT,
  `name` varchar(10) NOT NULL,
  `class` varchar(10) NOT NULL,
  `subject` varchar(10) NOT NULL,
  `topic` varchar(10) NOT NULL,
  `time` varchar(100) NOT NULL,
  PRIMARY KEY (`slno`)
) ENGINE=InnoDB DEFAULT CHARSET=latin1 AUTO_INCREMENT=1 ;

-- --------------------------------------------------------

--
-- Table structure for table `student_mark`
--

DROP TABLE IF EXISTS `student_mark`;
CREATE TABLE IF NOT EXISTS `student_mark` (
  `id` int(11) NOT NULL AUTO_INCREMENT,
  `name` varchar(200) NOT NULL,
  `class` int(11) NOT NULL,
  `subject` int(11) NOT NULL,
  `topic` int(11) NOT NULL,
  `question` int(11) NOT NULL,
  `securemark` varchar(200) NOT NULL,
  `fullmark` int(11) NOT NULL,
  PRIMARY KEY (`id`)
) ENGINE=InnoDB DEFAULT CHARSET=latin1 AUTO_INCREMENT=1 ;

-- --------------------------------------------------------

--
-- Table structure for table `student_question`
--

DROP TABLE IF EXISTS `student_question`;
CREATE TABLE IF NOT EXISTS `student_question` (
  `id` int(11) NOT NULL AUTO_INCREMENT,
  `class_id` int(11) NOT NULL,
  `subject_id` int(11) NOT NULL,
  `topic_id` int(11) NOT NULL,
  `questions` varchar(200) NOT NULL,
  `answers` varchar(200) NOT NULL,
  `correct` int(100) NOT NULL,
  `difficulty` int(11) NOT NULL,
  `concepts` text,
  PRIMARY KEY (`id`)
) ENGINE=MyISAM  DEFAULT CHARSET=latin1 AUTO_INCREMENT=534 ;

--
-- Dumping data for table `student_question`
--

INSERT INTO `student_question` (`id`, `class_id`, `subject_id`, `topic_id`, `questions`, `answers`, `correct`, `difficulty`, `concepts`) VALUES
(1, 1, 1, 1, '<p>what is force</p>', '|power|energy|push or pull|food', 3, 0, NULL),
(2, 1, 1, 1, '<p>what is newtons law</p>', '|f=m*a|s=d*t|e=mc2|s=s*s-a *s-b*s-c', 1, 0, NULL),
(3, 1, 1, 1, '<p>what is faranite</p>', '|mesure of temp|mesure of power|mesure of heat|measure of wind', 1, 0, NULL),
(4, 1, 1, 1, '<p>what is centigrade</p>', '|mesure of heat|mesure of power|measure of wind|mesure of temp', 4, 0, NULL),
(5, 1, 1, 1, '<p>what is the boiling point of water</p>', '|100|200|150|90', 1, 0, NULL),
(6, 1, 1, 1, '<p>what is the &nbsp;normal body temp of human</p>', '|28|29|26|25', 1, 0, NULL),
(7, 1, 1, 1, '<p>100 celsius =?faranite</p>', '|212|121|111|220', 1, 0, NULL),
(8, 1, 1, 1, '<p>what is a thermometer</p>', '|mesuring tool|playing tool|cooking tool|mechanic tool', 1, 0, NULL),
(9, 1, 1, 1, '<p>thermometer mesures</p>', '|pressure|heat|temp|power', 3, 0, NULL),
(10, 1, 1, 1, '<p>barometer mesures</p>', '|heat|pressure|temp|force', 2, 0, NULL),
(11, 1, 1, 1, '<p>units of pressure</p>', '|millibar|celsius|faranite|force', 1, 0, NULL),
(12, 1, 1, 1, '<p>galvanometer is used for?</p>', '| mesuring current| mesuring force| mesuring wind| mesuring energy', 1, 0, NULL),
(13, 2, 3, 9, '<p>this is a question.&nbsp;</p>', '|option1|option2|option3|option4', 3, 0, NULL),
(14, 2, 3, 9, '<p>quesion 2</p>', '|1|2|3|4', 1, 0, NULL),
(15, 2, 3, 9, '<p>Question 3</p>', '|1|2|3|4', 1, 0, NULL),
(16, 2, 3, 9, '<p>question 4</p>', '|1|2|3|4', 1, 0, NULL),
(17, 2, 3, 9, '<p>question 5</p>', '|1|2|3|4', 1, 0, NULL),
(18, 2, 3, 9, '<p>question 6</p>', '|1|2|3|4', 1, 0, NULL),
(19, 2, 3, 9, '<p>question 7</p>', '|1|2|3|4', 1, 0, NULL),
(20, 2, 3, 9, '<p>question 8</p>', '|1|2|3|4', 1, 0, NULL),
(21, 2, 3, 9, '<p>question 9</p>', '|1|2|3|4', 1, 0, NULL),
(22, 2, 3, 9, '<p>question 10</p>', '|1|2|3|4', 1, 0, NULL),
(23, 2, 3, 9, '<p>question 11</p>', '|1|2|3|4', 1, 0, NULL),
(25, 2, 3, 11, '<p>what do you mean by language</p>', '|a way of communication|a way of data transfer| a way of making relation | a type of understanding', 1, 0, NULL),
(26, 2, 3, 11, '<p>who is rama</p>', '|son of lakshmana|son of kaikai|son of sita|son of kaushalya', 4, 0, NULL),
(27, 2, 3, 11, '<p>who is lakshmana</p>', '|brother of lord rama|brother of arjuna|brother of lord krishna|brother of dasaratha', 1, 0, NULL),
(28, 2, 3, 11, '<p>who is sita</p>', '|daughter of dasaratha|daughter of Janaka|daughter of ravana|daughter of himalaya', 2, 0, NULL),
(29, 2, 3, 11, '<p>who is ravana</p>', '|king of gokul|king of srilanka|king of chillylanka|king of swrna lanka', 4, 0, NULL),
(30, 2, 3, 11, '<p>who is sumitra</p>', '|mother of rama|mother of bharat|mother of lakshman|mother of lakshman and satrughna', 4, 0, NULL),
(31, 2, 3, 11, '<p>who wrote ramayan</p>', '|rishi balmiki|rishi ekailabya|rishi druna|rishi ekmra', 1, 0, NULL),
(32, 2, 3, 11, '<p>who are twins</p>', '|ram lakhan|bharat satrughana|ram bharat|lakshman satrughana', 4, 0, NULL),
(33, 2, 3, 11, '<p>son of rama</p>', '|lakshman|bharat satrughan|lab kush|lakshman bharat', 3, 0, NULL),
(34, 2, 3, 11, '<p>sita is found from?</p>', '|land|air|fire|water', 1, 0, NULL),
(35, 2, 3, 11, '<p>lakshman kills the devil</p>', '|ravan|kansa|indrajit|kumbhakarna', 3, 0, NULL),
(36, 2, 3, 11, '<p>who is the most powerful devil in lanka</p>', '|rama|kumbhakarna|bibhisan|satrughana', 2, 0, NULL),
(37, 1, 2, 8, '<p>sin(a+b)</p>', '|sin a*cos b+cos a* sin b|sin 0|360| 55', 1, 0, NULL),
(38, 1, 2, 8, '<p>sec</p>', '|1/cos|1/sin|1/tan|1/sec', 1, 0, NULL),
(39, 3, 13, 12, '<p>what is cell</p>', '|smallest unit of organism|a organism|a compound|a metal', 1, 0, NULL),
(40, 3, 13, 12, '<p>what is heart</p>', '|a animal|a organism|a organ|a system', 3, 0, NULL),
(41, 3, 13, 12, '<p>what is respiretory system</p>', '|a system in livingbieng|a machine|a system in machine|a system in  truck', 1, 0, NULL),
(42, 3, 13, 12, '<p>what is lungs</p>', '|a respiratory organ|a animal|a bird|a machine', 1, 0, NULL),
(43, 3, 13, 12, '<p>what is leg</p>', '|a organ|a stick|a word|a message', 1, 0, NULL),
(44, 9, 23, 15, '<p>question1</p>', '|q1answer1|q1answer2|q1answer3|q1answer4', 1, 0, NULL),
(45, 9, 23, 15, '<div>\r\n<p>question2</p>\r\n</div>', '|q2answer1|q2answer2|q2answer3|q2answer4', 2, 0, NULL),
(46, 9, 23, 15, '<div>\r\n<div>\r\n<p>question3</p>\r\n</div>\r\n</div>', '|q3answer1|q3answer2|q3answer3|q3answer4', 1, 0, NULL),
(47, 10, 22, 16, '<p>(a+b)^2=?</p>', '|a^2+b^2|a^2+c^2|a^2+b^2+2ab|a^2-b^2', 3, 0, NULL),
(48, 10, 22, 16, '<p>(a-b)^2=?</p>', '|a^2+b^2|a^2+b^2-2ab|a^2+c^2|a^2-b^2', 1, 0, NULL),
(89, 9, 25, 29, '<p>A person throws a ball vertically upward with an initial velocity of 15 m/s. How high it goes?</p>', '|11.5m|12.5m|8m|6m', 1, 0, NULL),
(51, 9, 25, 0, '<p>Which one of the following sets of phenomena would increase on raising the temperature?<br /><br /></p>', '|Diffusion, evaporation, compression of gases|Evaporation, compression of gases, solubility|Evaporation, diffusion, expansion of gases|Evaporation, solubility, diffusion, compression of gases', 3, 0, NULL),
(59, 9, 25, 18, '<p>Suppose a boy is enjoying a ride on a merry-go-round which is moving with a constant speed of 10 m/s. It implies that the boy is</p>', '|At rest|Moving with no acceleration|In accelerated motion|Moving with uniform velocity', 3, 0, NULL),
(57, 9, 25, 18, '<p>The numerical ratio of displacement to distance for a moving object is</p>', '|Always less than 1|Always equal to 1|Always more than 1|Equal or less than 1', 4, 0, NULL),
(58, 9, 25, 18, '<p>If the displacement of an object&nbsp; is proportional to square of time, then the object moves with</p>', '|Uniform velocity|Uniform acceleration|Increasing acceleration|Decreasing acceleration', 2, 0, NULL),
(55, 9, 25, 18, '<p>A particle is moving in a circular path of radius r. The displacement after half a circle would be</p>', '|Zero| r|2 r|2  r', 3, 0, NULL),
(56, 9, 25, 18, '<p>A body is thrown vertically upward with velocity u. The greatest height h to which it will rise is</p>', '|u/g|u/ 2g|u/g|u/2g', 2, 0, NULL),
(60, 9, 25, 18, '<p>Area under a v&ndash;t graph represents a physical quantity which has the unit</p>', '|m|m|m3|m/s', 2, 0, NULL),
(61, 9, 25, 18, '<p>Slope of a velocity &ndash; time graph gives</p>', '|The distance|The displacement|The acceleration|The speed', 3, 0, NULL),
(62, 9, 25, 18, '<p>In which of the following cases of motion, the distance moved and the magnitude of displacement are equal ?</p>', '|If the car is moving on straight road.|If the car is moving on circular path.|The pendulum is moving to and fro.|The earth is revolving around the sun.', 1, 0, NULL),
(63, 9, 26, 41, '<p>Which of the following statement is not correct for an object moving along a straight path in an accelerated motion?</p>', '|Its speed keeps changing|Its velocity keeps changing|It always goes away from the earth|A force is always acting on it', 3, 0, NULL),
(64, 0, 0, 0, '<p>According to the third law of motion, action and reaction</p>', '|Always act on the same body.|Always acts on different body in opposite directions.|Have some magnitude and directions.|Act on either body at normal to each other.', 2, 0, NULL),
(65, 0, 0, 0, '<p>A goalkeeper in a game of football pulls his hands backwards after holding the ball shot at the goal. This enables the goal keeper to</p>', '|Exert larger force on the ball|Reduce the force exerted by the balls on hands|Increase the rate of change of momentum|Decrease the rate of change of momentum', 2, 0, NULL),
(66, 0, 0, 0, '<p>The inertia of an object tends to cause the object</p>', '|To increase its speed|To decrease its speed|To resist any change in its state of motion|To decelerate due to friction', 3, 0, NULL),
(67, 0, 0, 0, '<p>A passenger in a moving train tosses a coin which falls behind him. It means that motion of the train</p>', '|Accelerated|Uniform|Retarded|Along circular tracks', 2, 0, NULL),
(68, 9, 25, 18, '<p>An object of mass 2kg is sliding with a constant velocity of 4 ms -1 on a frictionless horizontal table. The force required to keep the object moving with the same velocity is</p>', '|32 N|0 N|2 N|8 N', 2, 0, NULL),
(69, 9, 25, 18, '<p>Rocket works on the principle of conservation of</p>', '|Mass|Energy|Momentum|Velocity', 3, 0, NULL),
(70, 9, 25, 18, '<p>A water tanker filled up to 2/3 of its height is moving with a uniform speed. On sudden application of the brake, the water in the tank would</p>', '|Move backward|Move forward|Be unaffected|Rise upwards', 2, 0, NULL),
(71, 9, 25, 18, '<p>Two objects of different masses falling freely near the surface of moon would <br /><br /></p>', '|Have same velocities at any instant|Have different accelerations|Experience forces of same magnitude|Undergo a change in their inertia', 1, 0, NULL),
(72, 9, 25, 18, '<p>The value of acceleration due to gravity<br /><br /></p>', '|Is same on equator and poles|Is least on poles|Is least on equator|Increases from pole to equator', 3, 0, NULL),
(73, 9, 25, 18, '<p>The gravitational force between two objects is F. the masses of both objects are halved without changing distance between them, then the gravitational force would become<br /><br /></p>', '|F/4|F/2|F|2F', 1, 0, NULL),
(74, 9, 25, 18, '<p>A boy is whirling a stone tied with a string in a horizontal circular path. If the string breaks, the stone<br /><br /></p>', '|Will continue to move in the circular path|Will move along a straight line towards the centre of the circular path|Will move along a straight line tangential to the circular path|Will move along a st', 3, 0, NULL),
(75, 9, 25, 18, '<p>An object is put one by one in three liquids having different densities. The object floats with 1/9, 2/11 and 3/7 parts of their volumes outside the liquid surface in liquids of densities d, d', '|d > d > d|d  > d < d|d  < d  > d|d  < d < d', 4, 0, NULL),
(76, 9, 25, 18, '<p>In the relation F = G M m/d&sup2;, the quantity G<br /><br /></p>', '|Depends on the value of g at the place of observation|Is used only when the earth is one of the two masses|Is greatest at the surface of the earth|Is universal constant of the nature', 4, 0, NULL),
(77, 9, 25, 18, '<p>Law of gravitation gives the gravitational force between<br /><br /></p>', '|The earth and a point mass only|The earth and sun only|Any two bodies having some mass|Two charged bodies only', 3, 0, NULL),
(78, 9, 25, 18, '<p>The value of quantity G in the law of gravitation<br /><br /></p>', '|Depends on mass of earth only|Depends on radius of earth only|Depends on both mass and radius of earth only|Is independent of mass and radius of earth', 4, 0, NULL),
(79, 9, 25, 18, '<p>Two particles are placed at some distance. If the mass of each of the two particles is doubled, keeping the distance between them unchanged, the value of gravitational force between them will be<br', '| times|4 times| times|Unchanged', 2, 0, NULL),
(80, 9, 25, 18, '<p>The atmosphere is held to the earth by<br /><br /></p>', '|Gravity|Wind|Cloud|Earths magnetic field', 1, 0, NULL),
(81, 9, 25, 18, '<p>The force of attraction between two unit point masses separated by a unit distance is called<br /><br /></p>', '|Gravitational potential|Acceleration due to gravity|Gravitational field|Universal gravitational constant', 4, 0, NULL),
(82, 9, 25, 18, '<p>The weight of an object at the centre of the earth of radius R is<br /><br /></p>', '|Zero|Infinite|R times the weight at the surface of the earth|1/ R times the weight at surface of the earth', 1, 0, NULL),
(83, 9, 25, 18, '<p>An object weights 10 N in air. When immersed fully in water, it weighs only 8 N. The weight of the liquid displaced by the object is<br /><br /></p>', '|2 N|8 N|10 N|12 N', 1, 0, NULL),
(84, 9, 25, 18, '<p>A girl stands on a box having 60 cm length, 40 cm breadth and 20 cm width in three ways. In which of the following cases, pressure exerted by the brick will be<br /><br /></p>', '|Maximum when length and breadth form the base|Maximum when breadth and width form the base|Maximum when width and length form the base|The same when width and length form the base', 2, 0, NULL),
(85, 9, 25, 18, '<p>An apple falls from a tree because of gravitational attraction between the earth and apple. If F is the magnitude of force exerted by the earth on the apple and F is the magnitude of force ex', '|F is very much greater than F|F is very much greater than F|F is only a little greater than F|F and F are equal', 4, 0, NULL),
(86, 10, 24, 17, '<p>A person throws a ball vertically upward with an initial velocity of 15 m/s. How high it goes?</p>', '|11.5m|12.5m|8m|6m', 1, 0, NULL),
(87, 10, 24, 17, '<p>A body, whose momentum is constant, must have constant -</p>', '|Force|Velocity|Acceleration|All of these', 2, 0, NULL),
(88, 10, 24, 17, '<p>Which of the following class of forces is different from others</p>', '|Pulling of a cart|Stretching of a coiled spring|Kicking of a football|Electrical force', 4, 0, NULL),
(90, 9, 25, 29, '<p>A rider on horse falls back when horse starts running, all of a sudden because</p>', '|rider is taken back|rider is suddenly afraid of falling|inertia of rest keeps the upper part of body at rest while lower part of the body moves forward with the horse|none of the above', 3, 0, NULL),
(91, 9, 25, 29, '<p>What is the weight on earth of a 50 kg person?</p>', '|490 N|9.8 N|50 N|Not enough information', 1, 0, NULL),
(92, 9, 25, 29, '<p>A car is travelling with a speed of 36 km/hr. The driver applies the brakes and retard the car uniformly. The car is stopped in 5 seconds. The distance travelled before it is stopped after applying', '|20 m|25 m|30 m|35 m', 2, 0, NULL),
(93, 9, 25, 29, '<p>Each question contains Statement-1 (Assertion) and Statement-2 (Reason). Each Question has 5 choices a, b, c, d, e out of which ONLY ONE is correct. Statement 1 : The motion of a body moving in a c', '|Statement 1 is true, Statement-2 is true. Statement 2 is a correct explanations for Statement 1.|Statement 1 is true, Statement 2 is true. Statement 2 is NOT correct explanation for Statement 1.|Stat', 1, 0, NULL),
(94, 9, 25, 29, '<p>Force cannot change</p>', '|The state of rest of a body|The mass of a body|The shape of a body|The state of motion of a body', 2, 0, NULL),
(95, 9, 25, 31, '<p>When a wave goes from one point to another in a medium, there is a transfer of</p>', '|Energy but not of mass|Mass but not of energy|Both mass and energy|Neither mass nor energy', 1, 0, NULL),
(96, 9, 25, 31, '<p>A 5,000 N block was lifted 10 m. How much work was done?</p>', '|5,000 J|50,000 J|500 J|50 J', 2, 0, NULL),
(97, 9, 25, 31, '<p><img style="height: auto !important; max-width: 516px;" src="http://qbimg.simplylearnt.com/weekly_questions/ntse/science/chemistry/chemistry_test_05_questions/ques3.gif" alt="" width="100%" /></p>', '|5 kW|10 kW|5.5 kW|None of these', 1, 0, NULL),
(98, 9, 25, 31, '<p>Name the four simple machines.</p>', '|inclined plane, lever, wheel and axle, and pulley|wedge, lever, pulley, and wheel|plane, lever, screw, and wedge|screw, lever, wedge, and plane', 1, 0, NULL),
(99, 9, 25, 31, '<p>Power is measured by which units?</p>', '|newton-meters|watts|newtons|joules', 2, 0, NULL),
(100, 9, 25, 31, '<p>Mechanical advantage is equal to</p>', '|input force times output force|input force divided by output force|output force divided by input force|output force times input force', 3, 0, NULL),
(101, 9, 25, 31, '<p>Total mechanical energy is defined as</p>', '|Kinetic energy|Potential energy|The sum of the kinetic and potential energy|The sum of the change of the kinetic and potential energy', 3, 0, NULL),
(102, 9, 25, 31, '<p>The efficiency of all machines is</p>', '|less than 100 percent|impossible to calculate|exactly 100 percent|more than 100 percent', 1, 0, NULL),
(103, 9, 25, 31, '<p>What happens to the amount of power expended when you are climbing stairs and then climb faster?</p>', '|It stops.|it increases.|It decreases.|It stays the same.', 2, 0, NULL),
(104, 9, 25, 31, '<p>What happens to the amount of power expended when you are climbing stairs and then climb faster?</p>', '|It stops.|It increases.|It decreases|It stays the same.', 2, 0, NULL),
(105, 9, 25, 31, '<p>What is the scientific formula for work?</p>', '|W = F x d|W = F/d|W = F - d|W = F + d', 1, 0, NULL),
(106, 9, 25, 31, '<p>On what point does a lever pivot?</p>', '|the end|the arm|the middle|the fulcrum', 4, 0, NULL),
(108, 0, 0, 0, '<p>If force and displacement of particle in direction of force are doubled. Work would be</p>', '|Double|4 times|Half|1/4 times', 2, 0, NULL),
(109, 0, 0, 0, '<p>If velocity of a body is twice of previous velocity, then kinetic energy will become</p>', '|2 times|1/2 times|4 times| 1 times', 3, 0, NULL),
(110, 0, 0, 0, '<p>The unit of work is</p>', '|Newton|Joule|Metre|Second', 2, 0, NULL),
(111, 0, 0, 0, '<p>A drill bit is an example of which type of machine?</p>', '|lever|wheel and axle|pulley|screw', 4, 0, NULL),
(112, 0, 0, 0, '<p>Splitting of Uranium nucleus releases</p>', '|Kinetic energy|Potential energy|Nuclear energy|Chemical energy', 3, 0, NULL),
(113, 0, 0, 0, '<p>Which of the following is not a function of a machines?</p>', '|To make our work convenient|To enable us lift more load with less force|To enable us make the measurement correctly.|To make our work faster', 3, 0, NULL),
(114, 9, 25, 32, '<p>A disc of siren has 32 holes. What must be the speed of rotation per minute of the siren disc so that the note emitted by the siren may be in unison (same frequency) with that of a tuning fork whic', '|420|480|440|450', 2, 0, NULL),
(115, 9, 25, 32, '<p>In which of the following mediums the velocity of sound will be maximum</p>', '|Water|Steel|Wood|Air', 2, 0, NULL),
(116, 9, 25, 32, '<p>A thunder clap is heared&nbsp; 5.5 second after the lightening flash. The distance of the flash is</p>', '|1780 m|1815 m|300 m|3560 m', 2, 0, NULL),
(117, 9, 25, 32, '<p>A source produces 50 crests&nbsp; and 50 troughs in 0.5 seconds. What is the frequency of the wave?</p>', '|100 Hz|150 Hz|50 Hz|125 Hz', 1, 0, NULL),
(118, 9, 25, 32, '<p>A wave in a rope travels at 12 m/s, and the wavelength&nbsp; of the wave is measured at 1.2 m. Find frequency of wave.</p>', '|100Hz|10 Hz |101 Hz|11 Hz', 2, 0, NULL),
(119, 9, 25, 32, '<p>Ultrasonic pulses emitted by SONAR at free surface of water in a sea are sent towards the bottom. These&nbsp; pulses are reflected from the bottom and are detected after 10 seconds .What is the dep', '|765.5 m |787 m|756.5 m|234m', 1, 0, NULL),
(120, 9, 25, 32, '<p>The speeds of sound, in air and in sea water, are given to be 340 m/s and 1440 m/s respectively. A ship sends a strong sound signal straight down and detects its eco water 1.5s. The depth of the se', '|216 km|1.08 km| 0.51 km|0.255 km', 2, 0, NULL),
(121, 9, 25, 32, '<p>When we hear a sound, we can identify its source from</p>', '| amplitude of sound|intensity of sound|wavelength of sound|overtones present in the sound', 4, 0, NULL),
(122, 9, 25, 32, '<p>Voice of which of the following creatures is likely to have maximum frequency?</p>', '|Man|Cow|Bird|Dog', 3, 0, NULL),
(123, 9, 25, 32, '<p>How fast will a wave travel in air at a temperature of 15 degree C</p>', '|220 m/s|340 m/s|100 m/s|150 m/s', 2, 0, NULL),
(124, 9, 25, 32, '<p>Ultrasonic waves have frequency</p>', '|Below 20 Hz|Between 20 and 20, 000Hz|Only above 20,000 Hz|Only above 20, 000 MHz', 3, 0, NULL),
(125, 9, 25, 32, '<p>The unit to measure intensity of sound is</p>', '|Decibel|Joule|Candulla|None of these', 1, 0, NULL),
(126, 9, 25, 32, '<p>Echo is a type of</p>', '|Reflected sound|Refracted sound|Polarized sound|None of these', 1, 0, NULL),
(127, 9, 25, 32, '<p>Sitar is a</p>', '|Wind instrument|Stringed instrument|Percussion instrument|Reed instrument', 2, 0, NULL),
(128, 9, 25, 32, '<p>The frequency of a source of sound is 100Hz. How many times does it vibrate in a minute?</p>', '|6000|2000|5500|4500', 1, 0, NULL),
(129, 9, 25, 32, '<p>A wave on a string has a frequency of 440 HZ and a wavelength of 1.3m. How fast does the wave travel?</p>', '|270 m/s|470 m/s|520 m/s|572 m/s', 4, 0, NULL),
(130, 9, 25, 32, '<p>The distance between two consecutive crests in a wave train produced in a string is 5cm. If 2 complete waves pass through any point per second, the velocity of the wave is-</p>', '|10 cm/sec|2.5 cm/sec|5 cm/sec|15 cm/sec', 1, 0, NULL),
(131, 9, 25, 32, '<p>Sound waves have the following frequencies that are audible to human beings</p>', '|5 c/s|27000 c/s|5000 c/s|50,000 c/s', 3, 0, NULL),
(132, 9, 25, 32, '<p><img style="height: auto !important; max-width: 474px;" src="http://qbimg.simplylearnt.com/weekly_test/ntse/science/sound/sound_questions/ques11.gif" alt="" width="100%" /></p>', '|Pitch-waveform, Quality-frequency, Loudness-intensity|Pitch-frequency, Quality-waveform, Loudness-intensity|Pitch- intensity, Quality-waveform, Loudness-frequency|Pitch-waveform, Quality-intensity, L', 2, 0, NULL),
(133, 9, 25, 32, '<p>The waves in which the particles of the medium&nbsp; vibrate&nbsp; in a direction perpendicular to the direction of wave motion is known as</p>', '|Transverse wave|Longitudinal waves|Propagated Waves|None of these', 1, 0, NULL),
(134, 9, 25, 35, '<p>Livestock refers to</p>', '|Pet animals|Poultry and pet animals|Domestic animals which are kept for use or profit|None of these', 3, 0, NULL),
(135, 9, 26, 36, '<p>what</p>', '|122|12|11|10', 1, 0, NULL),
(231, 9, 25, 31, '<p>Newton-meter is the SI unit of</p>', '|Acceleration|Work|Power|Force', 2, 0, NULL),
(232, 9, 25, 31, '<p>An object that has kinetic energy must be</p>', '|moving|falling.|at an elevated position.|at rest.', 1, 0, NULL),
(137, 9, 25, 35, '<p><span>Honey is</span></p>', '|Nector of flower|Nector stored in the honey sac|Nector mixed with Saliva and stored in honey sac|Nector and water sucked by the honey bee', 3, 0, NULL),
(138, 9, 25, 35, '<p><span>Which of the following insects produces honey</span></p>', '|Antherea pahpia|Apis indica|Kerria lacca|Bombyx mori', 2, 0, NULL),
(139, 9, 25, 35, '<p><span>Number of queens in a hive is</span></p>', '|20|15|2|1', 1, 0, NULL),
(140, 9, 25, 35, '<p><span>Nutritional diet of poultry birds includes</span></p>', '|Cereals, oil cakes, milk cakes, green vegetables|Millets, proteins, oil cakes only|Cereals, millets, proteins, oil cakes, green vegetables|Proteins, oil cakes, cereals only', 3, 0, NULL),
(141, 9, 25, 35, '<p><span>Which agricultural practice helps in maintaining soil fertility</span></p>', '|Crop rotation|Intercropping|Multiple cropping|All of these', 4, 0, NULL),
(142, 9, 25, 35, '<p><span>The best way to increase the yield of wheat in India is</span></p>', '|To sow seeds of improved varieties|To use tractors|To reduce the quantity of ration consumers|To remove weeds from wheat fields', 1, 0, NULL),
(144, 9, 25, 35, '<p><span>Birds especially chicken grown for meat only is knows as</span></p>', '|Hybrid|Broiler|Bird management|Bird culture', 2, 0, NULL),
(145, 9, 25, 35, '<p><span>Silkworm silk is the product of</span></p>', '|Salivary gland of the larva|Cuticle of the adult|Cuticle of the larva|Salivary gland of the adult', 1, 0, NULL),
(146, 9, 25, 35, '<p><span>Nobel prize was awarded to Paul Muller on the discovery of which of the following pesticides</span></p>', '|Malathion|Parathion|Pyrethrum|DDT', 4, 0, NULL),
(147, 9, 25, 35, '<p><span>The term aquaculture means</span></p>', '|Aspergillosis|Marine fisheries|Inland fisheries|(2) and (3) both', 4, 0, NULL),
(148, 9, 25, 35, '<p><span>A mixture of rice and stone particles is separated by</span></p>', '|Hand picking|Sieving|Winnowing|Churning', 1, 0, NULL),
(149, 9, 25, 35, '<p><span>Biological control of agriculture pests, unlike the chemical control is</span></p>', '|Toxic|Polluting|Very expensive|Self-perpetuating', 4, 0, NULL),
(150, 9, 25, 35, '<p><br /><span>Which layer of soil is richest in humus?</span></p>', '|B-horizon|A-horizon|C-horizon|Bed rock', 2, 0, NULL),
(151, 9, 25, 35, '<p><span>Biofertilizers are</span></p>', '|Micro organism used to increase the fertility of the soil|Manure added to soil|Biochemical added to soil|None of the above', 1, 0, NULL),
(152, 9, 25, 35, '<p><span>Eutrophication is caused by</span></p>', '|Excessive use of fertilizers|Excessive use growing of crops|Monocroping|None of these', 1, 0, NULL),
(153, 9, 25, 35, '<p><span>Which of the given nutrient is used in minute quantity by plants?</span></p>', '|Potassium|Iron|Calcium|Nitrogen', 2, 0, NULL),
(154, 9, 25, 35, '<p><span>Incubation period in hen is for about</span></p>', '|32 days|21 days|14 days|40 days', 2, 0, NULL),
(155, 9, 25, 35, '<p><span>Silk from silkworm is obtained in which stage of its life cycle</span></p>', '|Larva|Adult|Eggs|Pupa', 4, 0, NULL),
(156, 9, 25, 35, '<p><span>If the source is opposite to the direction of sun, then honey bee will convey the direction by</span></p>', '|Clockwise round dance|Upright down tail wagging dance|Anticlockwise round dance|Opposite to (2)', 2, 0, NULL),
(157, 9, 25, 35, '<p><span>Match the terms (A, B, C, D) with (i, ii, iii, iv)</span><br /><span>(A) Separate wheat from husk (B) Separate stone from sand (C) Separate tea leaves from tea (D) Separate butter from curd</', '|A-(ii), B-(iii), C-(i), D-(iv)|A-(ii), B-(iii), C-(i), D-(iv)|A-(ii), B-(iii), C-(i), D-(iv)|A-(iv), B-(i), C-(ii), D-(iii)', 2, 0, NULL),
(158, 9, 25, 35, '<p><br /><span>Which of the following is not used for crop improvement?</span></p>', '|Fbanana|Introduction|Hybridization|Mutations', 1, 0, NULL),
(159, 9, 25, 35, '<p><br /><span>Agriculture was originated in Mesolithic age about</span></p>', '|2000 years ago|3000-10000 years ago|7000-13000 years ago|20000-25000 years ago', 3, 0, NULL),
(160, 9, 25, 35, '<p><span>The principal cereal crop in India is</span></p>', '|Wheat|Rice|Maize|Sorghum', 3, 0, NULL),
(161, 9, 25, 35, '<p><span>Condensation is a process when</span></p>', '|A liquid changes into its vapour|The vapour changes into water|Ice melt to form water|Water freezes to form ice', 2, 0, NULL),
(162, 9, 25, 35, '<p><span>The process used to separate grains from stalk is</span></p>', '|Threshing|Winnowing|Handpicking|Sieving', 1, 0, NULL),
(163, 9, 25, 35, '<p><br /><span>When muddy water is left undisturbed</span><br /><span>(i) The mud settles down</span><br /><span>(ii) Some mud particles remain floating in water</span><br /><span>(iii) The water can ', '|iii and iv|i only|i and iv|All the above', 4, 0, NULL),
(164, 9, 25, 35, '<p><br /><span>The process of winnowing is based on the principal</span><br /><span>(I) Lighter husk particles are 4 carried away by the wind</span><br /><span>(II) Heavy grains fall down in a heap</s', '|I only|I and IV only|I and II only|II and III only', 3, 0, NULL),
(165, 9, 25, 35, '<p><span>Green manure is formed by</span></p>', '|Decomposing green plants|Decomposing algae|Ploughing of leguminous plants into the soil|Decomposition of dead plants and animal wastes', 3, 0, NULL),
(166, 9, 25, 35, '<p><span>Other name of operation flood is</span></p>', '|Green revolution|White revolution|Silver revolution|None of these', 2, 0, NULL),
(167, 9, 25, 35, '<p><span>Chicken reared for eggs are known as</span></p>', '|Layers|Broilers|Hatches|Growers', 1, 0, NULL),
(168, 9, 25, 35, '<p><span>VHS is an infectious disease of</span></p>', '|Fowl|Fish|Cows|Sheep', 2, 0, NULL),
(169, 9, 25, 35, '<p><span>A green manure is</span></p>', '|Rice|Sorghum|Maize|Sesbania', 4, 0, NULL),
(170, 9, 25, 35, '<p><span>Which of the following is a Rabi cereal</span></p>', '|Bajra|Jawar|Wheat|All of above', 3, 0, NULL),
(171, 9, 25, 35, '<p><br /><span>Honey is&nbsp;</span></p>', '|Acidic|Neutral|Alkaline|Basic after some days', 1, 0, NULL),
(172, 9, 25, 35, '<p><span>When sugar is dissolved in water it forms a</span></p>', '|Suspension|Solution|Colloid|Compound', 2, 0, NULL),
(173, 9, 25, 35, '<p><span>Latest trend in plant disease control is</span></p>', '|Chemical control|Biological control |Good manure and fertilizers|Breeding for disease resistance', 2, 0, NULL),
(174, 9, 25, 35, '<p><span>In poultry industry, production of hatching eggs is more expensive than the production of market eggs mainly because</span></p>', '|Cost of males and their depreciation value is high|Mortality among females is usually lower when they are mated with males.|Number of eggs produced by hatchery flock is to be sold only as market eggs', 4, 0, NULL),
(175, 9, 25, 35, '<p><span>Which one is a biofertilizer?</span></p>', '|VAM|Sporeine|Devine|Agent Orange', 1, 0, NULL),
(176, 9, 25, 35, '<p><span>Red soil is rich in</span></p>', '|Magnesium|Phosphorous|Nitrogen|Potash', 4, 0, NULL),
(177, 9, 25, 35, '<p><span>Biofertilizer include</span></p>', '|Nitrogen fixing bacteria|Nitrogen fixing cyanobacteria|Both the above|Bacteria, cyanobacteria, and mycorrhizal fungi', 4, 0, NULL),
(178, 9, 25, 35, '<p><span>Which of the following plants are used as green manure in crop fields and in sandy soils?</span></p>', '|Dicanthium annulatum and Azolla pinnata|Crotalaria junecea and alhagi camelorum|Calotropis procera and pitylanthus niruri|Calotropis procera and pitylanthus niruri', 2, 0, NULL),
(179, 9, 25, 35, '<p><span>Which of the following mixture use filtration as method of separating components?</span><br /><span>(i) Salt in water</span><br /><span>(ii) Tea with tear leaves</span><br /><span>(iii) Chalk', '|(i), (ii) & (iii)|(ii) & (iii)|(ii), (iii) & (iv)|(i) only', 3, 0, NULL),
(180, 9, 25, 35, '<p><span>Which of following is an insecticide?</span></p>', '| Isoprustane|Auxin|Parathian|Bordo mixture', 4, 0, NULL),
(181, 9, 25, 35, '<p><span>Which of the following crops would require minimum quantity of urea of NPK for its growth</span></p>', '|Sugarcane |Paddy|Groundnut |Black - gram', 4, 0, NULL),
(182, 9, 25, 35, '<p><span>Which of the following rotation of crops will reduce dependence on the use of chemical fertilizers?</span></p>', '|Rice and chilli|Wheat and potato|Potato and rice|Gram and rice', 4, 0, NULL),
(183, 9, 25, 35, '<p><span>An emulsifying agent is usually:</span></p>', '|An electrolysis| A protective colloid|A lyophobic substance |None of the above', 2, 0, NULL),
(184, 9, 25, 35, '<p><span>The two varieties of Rice-Jaya and Padma were developed through</span></p>', '|Hybridization|Pure line selection|Genetic engineering|Tissue culture', 1, 0, NULL),
(185, 9, 25, 35, '<p><span>Murrah, Surti and Mehsana are the different breeds of:</span></p>', '|Cow|Goat|Buffaloes|Horse', 3, 0, NULL),
(186, 9, 25, 31, '<p>If force and displacement of particle in direction of force are doubled. Work would be</p>', '|double|4 times|half|1/4 times', 2, 0, NULL),
(187, 9, 25, 31, '<p>If velocity of a body is twice of previous velocity, then kinetic energy will become</p>', '|2 times|half|4 times|1 time', 3, 0, NULL),
(188, 9, 25, 31, '<p>When a stone is thrown upward to a certain height, it possesses</p>', '|Potential energy|Kinetic energy|Wind energy|Sound energy', 1, 0, NULL),
(189, 9, 25, 31, '<p>Splitting of Uranium nucleus releases</p>', '|Kinetic energy|Potential energy|Nuclear energy|Chemical energy', 3, 0, NULL),
(190, 9, 25, 31, '<p>Which of the following is not a function of a machines?</p>', '|To make our work convenient.|To enable us lift more load with less force|To enable us make the measurement correctly.|To make our work faster', 3, 0, NULL),
(191, 9, 25, 31, '<p>The proper care and maintenance of machines require</p>', '|To make them good rooking|For preserving them for future| For their efficient and longer use|None of these', 3, 0, NULL),
(192, 9, 25, 31, '<p>Solar cookers are used</p>', '|To cook our food| In artificial satellites|Converting into electrical energy|In drying clothes and other materials', 1, 0, NULL),
(247, 9, 25, 29, '<p>The chance of vehicle to over turn whole negotiating a circular path depends on</p>', '| speed of the vehicle only|radius of the circular path only|speed and height of the vehicle and radius of the circular path|height of the vehicle only', 3, 0, NULL),
(194, 9, 25, 31, '<p>The wheel of a moving automobile has:</p>', '|only potential energy|kinetic energy due to linear motion|kinetic energy due to rotary motion|kinetic energy due to both linear and rotary motion', 4, 0, NULL),
(195, 9, 25, 31, '<p>What is the sign of the work done by gravity on a man standing on a platform?</p>', '|Zero|Positive|Negative| Depends on the particular situation', 1, 0, NULL),
(196, 9, 25, 31, '<p>A particle has a kinetic energy of 0.1 J. The momentum of the particle is now doubled. The resulting change in the kinetic energy of the particle would then be:</p>', '|0.1 J|0.2 J| 0.3 J|0.4 J', 3, 0, NULL),
(197, 9, 25, 31, '<p>Which of the following do you think a wheel and axle is most closely related to?</p>', '|lever|wedge|inclined plane|pulley', 1, 0, NULL),
(198, 9, 25, 31, '<p>The sum of potential and kinetic energy is always</p>', '|Zero|Positive|Negative|None of the above', 4, 0, NULL),
(199, 9, 25, 31, '<p>A lorry and a car moving with the same K.E. are brought to rest by applying the same retarding force, then</p>', '|Lorry will come to rest in a shorter distance|Car will come to rest in a shorter distance|Both come to rest in a same distance|None of the above', 3, 0, NULL),
(200, 9, 25, 31, '<p>A fast wind can turn the blades of a windmill because it possesses</p>', '|Potential energy|Kinetic energy| Chemical energy|Heat energy', 2, 0, NULL),
(201, 9, 25, 31, '<p>The work is said to be done if</p>', '|A body moves|A force is applied which brings about motion|A force is applied but no motion is produced|None of these', 1, 0, NULL),
(202, 9, 25, 31, '<p>Kinetic energy of a body moving with speed 10 m/s is 30J. If its speed becomes 30 m/s, its kinetic energy will be</p>', '|10 J|90 J|180 J|270 J', 4, 0, NULL),
(203, 9, 25, 31, '<p>If 1375 J of work is done on a mass of 20.0 kg, it can be raised:</p>', '|7.0 m|70 m|670 m|28000 m', 1, 0, NULL),
(204, 9, 25, 31, '<p>The force constant of a spring is 125 N/m. The elastic potential energy of this spring when it is stretched 0.60 m is:</p>', '|less than 15 J|between 15 J and 30 J|between 30 J and 60 J|more than 60 J', 2, 0, NULL),
(205, 9, 25, 31, '<p>A person raises a 2.0 kg mass from the floor to 1.5 m above the floor in 5.0 s. If the person performs the same task again in 10s instead of 5.0 s, what has changed?</p>', '|the amount of work done|the total amount of energy involved|the gravitational potential energy involved|the height', 3, 0, NULL),
(246, 9, 25, 29, '<p><img style="height: auto !important; max-width: 561px;" src="http://qbimg.simplylearnt.com/weekly_test/ntse/science/motion_and_force/questions/ques5.gif" alt="" width="100%" /></p>', '|Uniform, accelerated|Uniform, decelerated|Non-uniform, accelerated|There is not enough data for generalization', 3, 0, NULL),
(207, 9, 25, 35, '<p><span>Cereals are</span></p>', '| seeds mostly obtained from grasses|fruits mostly obtained from grasses|vegetables|animals products', 1, 0, NULL),
(208, 9, 25, 35, '<p><span>"</span><strong>Crop rotation</strong><span>" is a good agricultural practice since-</span></p>', '|It enables replenishment of nutrients in the soil|It gives much-needed rest to the farmer|It prevents wastage of water|It cleans the soil of weeds', 1, 0, NULL),
(209, 9, 25, 35, '<p><span>Which one of the following scientists were not associated with the wheat hybridization programme in India?</span></p>', '|MS Swaminathan| Panchanan Maheshwari|Ch. Ramdhan Singh|Ch. Ramdhan Singh', 2, 0, NULL),
(210, 9, 25, 35, '<p><span>Dust particles when mixed with water settle down at bottom of the container because</span></p>', '|They react with water|They are miscible in water|They become heavier when water is poured on them|None of the above', 3, 0, NULL),
(211, 9, 25, 35, '<p><span>Which one of the following scientists were not associated with the wheat hybridization programme in India?</span></p>', '|MS Swaminathan| Panchanan Maheshwari|Ch. Ramdhan Singh|Norman E Borlaug', 2, 0, NULL),
(212, 9, 25, 35, '<p><span>We need to separate the components of a mixture because</span></p>', '|Mixtures are useless|None useful components need to be separated from useful ones|Impurities and harmful substances need to be removed|The components are different and invisible', 2, 0, NULL),
(213, 9, 25, 35, '<p><span>Rotation of crops utilizes the following principle:</span></p>', '|Diversity of plant habits|Variation in the mineral content of the soil|Convenience of the farmers|Fixation of atmospheric nitrogen in the soil', 4, 0, NULL),
(214, 9, 25, 35, '<p><span>Find the odd one out:</span></p>', '|Food for cattle is called fodder|Bombay duck is a sea water fish|Legumes are rich in proteins|Legumes are rich in proteins', 4, 0, NULL),
(215, 9, 25, 35, '<p><span>Choose the common freshwater food fish among the following:</span></p>', '|Chanos|Mullets|Katla|Hilsa', 3, 0, NULL),
(216, 9, 25, 31, '<p>What is the unit of power</p>', '|Newton|Pascal|Watt|Joule', 3, 0, NULL),
(217, 9, 25, 31, '<p>If a girl lifts a box of mass 3 kg&nbsp; onto a shelf 3 m high, how much work is done?</p>', '|9 J|10 J|1 J|90 J', 4, 0, NULL),
(218, 9, 25, 31, '<p>If the mass of a book is 2kg what force in newtons (N) will it exert on a table</p>', '|20 N|2 N|0.2 N|200 N', 1, 0, NULL),
(219, 9, 25, 31, '<p>What is the unit of energy</p>', '|Torque|Newton|Watt|Joule', 4, 0, NULL),
(220, 9, 25, 31, '<p>Which of the following is not a unit for power</p>', '| joule - second|watt|newton-meter per second|horsepower', 1, 0, NULL),
(221, 9, 25, 31, '<p>A feather and a coin dropped in a vacuum fall with equal</p>', '|forces|momenta|accelerations|kinetic energies', 3, 0, NULL),
(222, 9, 25, 31, '<p>A ball is projected into the air with 100 J of kinetic energy which is transformed to gravitational potential energy at the top of its trajectory.&nbsp; When it returns to its original level after ', '|less than 100 J.|more than 100 J.|100 J.|not enough information given.', 1, 0, NULL),
(223, 9, 25, 31, '<p>Two identical arrows, one with twice the kinetic energy of the other, are fired into a hay bale.&nbsp; The faster arrow will penetrate</p>', '|the same distance as the slower arrow.|twice as far as the slower arrow|four times as far as the slower arrow|more than four times as far as the slower arrow', 3, 0, NULL),
(224, 9, 25, 35, '<p><span>The science dealing with the study of food, shelter, health care and breeding of good quality of animals. It involves:</span></p>', '|Breeding|Heeding|Feeding|All of these', 4, 0, NULL),
(225, 9, 25, 35, '<p><br /><span>Which of the following is the high milk yielding variety of cow?</span></p>', '|Holstein|Red Sindhi|Sahiwal|None of these', 1, 0, NULL),
(226, 9, 25, 31, '<p>An object is raised above the ground gaining a certain amount of potential energy.&nbsp; If the same object is raised twice as high it gains</p>', '|four times as much potential energy|twice as much potential ener|half as much potential energy|neither of these', 2, 0, NULL),
(227, 9, 25, 31, '<p>How many Joules of energy are in one kilowatt-hour</p>', '|1 J|60 J|60 kilojoules|3.6 megajoules', 4, 0, NULL),
(228, 9, 25, 35, '<p><img src="http://www.simplylearnt.com/main/upload/question_bank_images/weekly_test/ntse/science/food_production_and_management/food_production_and_management_questions/ques15.gif" alt="" /></p>', '|1|2|3|4', 2, 0, NULL),
(229, 9, 25, 35, '<p><span>The process of drying the wheat stalks in the sun and then beating it to separated the grains is called</span></p>', '|Winnowing|Threshing|Churning|Sieving', 2, 0, NULL),
(230, 9, 25, 35, '<p><span>Choose the correct answer among the following Nitrification is:</span></p>', '|Conversion of protein of plants into ammonia|Chemicals to destroy weeds|Conversion of ammonia into nitrates|Loosening of soil', 3, 0, NULL),
(233, 9, 25, 35, '<p><span>The principal cereal crop in India is</span></p>', '|Wheat|Rice|Maize|Sorghum', 2, 0, NULL),
(234, 9, 25, 35, '<p><br /><span>Condensation is a process when</span></p>', '|A liquid changes into its vapour|The vapour changes into water|Ice melt to form water|Water freezes to form ice', 2, 0, NULL),
(235, 9, 25, 35, '<p><span>The paper used in the process of filtration to separate a mixture of sand and water is</span></p>', '|Butter paper|Plain paper|sand paper|Filter paper', 4, 0, NULL),
(236, 9, 25, 31, '<p>When an object is lifted 10 meters, it gains a certain amount of potential energy. If the same object is lifted 20 meters, its potential energy is</p>', '|less|the same|twice as much|four times as much', 3, 0, NULL),
(237, 9, 25, 31, '<p>Two identical arrows, one with twice the speed of the other, are fired into a hay bale.&nbsp; The faster arrow will penetrate</p>', '|the same distance as the slower arrow|twice as far as the slower arrow|four times as far as the slower arrow|more than four times as far as the slower arrow', 3, 0, NULL),
(238, 9, 25, 31, '<p>A feather and a coin are dropped in the air.&nbsp; Each falls with equal</p>', '|momenta|kinetic energies|potential energy|none of the above', 4, 0, NULL),
(239, 9, 25, 35, '<p><br /><span>When muddy water is left undisturbed</span><br /><span>(i) The mud settles down</span><br /><span>(ii) Some mud particles remain floating in water</span><br /><span>(iii) The water can ', '|iii and iv|i only|i and iv|All the above', 4, 0, NULL),
(240, 9, 25, 35, '<p><span>The process used to separate grains from stalk is</span></p>', '|Threshing|Winnowing|Handpicking|Sieving', 4, 0, NULL),
(241, 9, 25, 35, '<p><span>The process of winnowing is based on the principal</span><br /><span>(I) Lighter husk particles are 4 carried away by the wind</span><br /><span>(II) Heavy grains fall down in a heap</span><b', '|I only|I and IV only|I and II only|II and III only', 3, 0, NULL),
(242, 9, 25, 31, '<p>An example of Kinetic energy would be</p>', '|A moving car|A charge particle in an electric field|A stretched rubber band just released|All of the above', 4, 0, NULL),
(243, 9, 25, 31, '<p>Which of the following is/are example(s) of Potential Energy</p>', '|A moving car|A battery|A book resting on the table|Both b and c', 1, 0, NULL),
(244, 9, 25, 35, '<p><span>The excess salt present in a saturated solution</span></p>', '|Settle down at the bottom of the container|Remain suspended in the solution|Starts dissolving|Reacts with the solvent (water)', 1, 0, NULL),
(245, 9, 25, 35, '', '||||', 1, 0, NULL),
(248, 9, 25, 29, '<p>A bicycle averages 4.5 meters per second while travelling for 10 minutes. How far does it travel?</p>', '|2700 m|2800 m|2500 m|2400 m', 1, 0, NULL),
(249, 9, 25, 29, '<p>If a car can accelerate at 3.2 meters per second squared, how long will it take to speed up from 15 meters per second to 22 meters per second</p>', '|2.2 s|1.2 s|5 s|4 s', 1, 0, NULL),
(250, 9, 25, 29, '<p>An arrow is fired straight up, leaving the bow at 15 meters per second. If air resistance is negligible, how high will the arrow rise</p>', '|10.5 m|15.0 m|11.5 m|8.5 m', 3, 0, NULL),
(251, 9, 25, 29, '<p>A flowerpot dropped from a window and fell for 3.3 seconds to the ground. How high was the window?</p>', '|16 meters|32 meters|50 meters|100 meters', 3, 0, NULL),
(252, 9, 25, 29, '<p>A graph is plotted showing the velocity of a car as a function of time. If the graph is a straight line, it means that</p>', '|the car started at rest|acceleration was constant|acceleration was increasing|velocity was constant', 2, 0, NULL),
(253, 9, 25, 29, '<p>Jill pushes a box of books across the floor. What causes the box to move</p>', '|A force|Friction|Gravity|Inertia', 1, 0, NULL),
(291, 9, 25, 32, '<p>The frequency of a source of sound is 100Hz. How many times does it vibrate in a minute</p>', '|6000|2000|5500|4500', 1, 0, NULL),
(255, 9, 25, 29, '<p>A magician pulls a tablecloth out from underneath some dishes without disturbing them</p>', '|First law|Second law|Third law|None of these', 1, 0, NULL),
(256, 9, 25, 29, '<p>A ball is dropped from a window 24 meters high. How long will it take to reach the ground</p>', '|2.2 s|1.2 s|4.5 s|0.2 s', 1, 0, NULL),
(257, 9, 25, 29, '<p>A firefighter drops from a window into a net. If the window is 34 meters above the net, the speed with which firefighter hit the net -</p>', '|18 m/s|20 m/s|12 m/s|26 m/s', 4, 0, NULL),
(258, 9, 25, 29, '<p>The acceleration of an object will be 9.8 meters per second squared if the object is falling freely</p>', '|near the surface of the earth|anywhere|travelling straight down|travelling upward', 1, 0, NULL),
(259, 9, 25, 29, '<p>The change velocity with respect to time is called</p>', '| velocity|acceleration|average speed|distance', 2, 0, NULL),
(260, 9, 25, 29, '<p>A thief snatches a purse and runs due west, going 6.0 meters per second. A policeman, 15 meters to the east, sees the event and gives chase. If the officer is a good sprinter, going at 8.5 meter pe', '|12 m|51 m|61 m|55 m', 2, 0, NULL),
(261, 9, 25, 29, '<p>A car going at 24 meters per second passes a motorcycle at rest. At it passes, the motorcycle starts up, accelerating at 3.2 meters per second squared. If the motorcycle can keep up that accelerati', '|12 s|14 s|20 s|18 s', 2, 0, NULL),
(262, 9, 25, 29, '<p>A body starts from rest. What is the ratio of the distance travelled by the body during the 4th and 3rd second</p>', '|7/5|5/7|7/3|3/7', 1, 0, NULL),
(263, 9, 25, 29, '<p><img style="height: auto !important; max-width: 519px;" src="http://qbimg.simplylearnt.com/ntse_test_series/ntse_previous_paper_delhi_2009/ntse_previous_paper_2009_sat/ntse_questions/ques2.gif" alt', '|2nd |3rd|4th|8th', 3, 0, NULL),
(264, 9, 25, 29, '<p><img style="height: auto !important; max-width: 519px;" src="http://qbimg.simplylearnt.com/ntse_test_series/ntse_previous_paper_delhi_2009/ntse_previous_paper_2009_sat/ntse_questions/ques2.gif" alt', '|2nd|3rd|4th |8th', 3, 0, NULL),
(265, 9, 25, 29, '<p>Two balls A and B of same masses are thrown from the top of the building. A, thrown upward with velocity V and B, thrown downward with velocity V, then</p>', '|Velocity of A is more than B at the ground|Velocity of B is more than A at the ground|Both A and B strike the ground with same velocity|None of these', 3, 0, NULL),
(266, 9, 25, 29, '<p><img style="height: auto !important; max-width: 594px;" src="http://qbimg.simplylearnt.com/weekly_test/ntse/science/motion_and_force/questions/ques12.gif" alt="" width="100%" /></p>', '|110 m/s|55 m/s|550 m/s|660 m/s', 2, 0, NULL),
(267, 9, 25, 29, '<p>A man walks on a straight road from his home to market 2.5km away with a speed of 5 km/h. Finding the market closed, he instantly turns and walks back home with a speed of 7.5 km/h. The average spe', '|5 km/h |25/4 km/h|30/4 km/h|45/8 km/h', 4, 0, NULL),
(268, 9, 25, 29, '<p>The force of friction acting on a car on different roads in the increasing order of magnitude will be</p>', '|Mud, tar, concrete and gravel roads| Tar, concert, gravel and mud roads|Concrete, tar, gravel and mud roads|Gravel, mud, tar and concrete roads', 3, 0, NULL),
(269, 9, 25, 29, '<p>An object is projected upwards with a velocity of 100 m/s. It will strike the ground after (approximately)</p>', '|10 sec|20 sec|15 sec|5 sec', 2, 0, NULL),
(270, 9, 25, 29, '<p>The angular velocity of the second hand of a clock is</p>', '|0.105 rad/s|1.105 rad/s|2.102 rad/s|3.120 rad/s', 1, 0, NULL),
(271, 9, 25, 29, '<p><img style="height: auto !important; max-width: 603px;" src="http://qbimg.simplylearnt.com/weekly_test/ntse/science/motion_and_force/directions/dirn83-85.gif" alt="" width="100%" /> In doing Experi', '|To test the hypothesis that adding weight increase friction|To find out the relationship between surface area of contact and friction |To find out whether the density of the material influences the a', 4, 0, NULL),
(272, 9, 25, 29, '<p>A boy is swinging a bucker of water, mass m, in a vertical circle at constant speed. When the bucket is at the top of the circle, the boy "feels" no force. What force does the boy "feel" when the b', '|2 mg|1 mg|zero|3 mg', 1, 0, NULL),
(273, 9, 25, 29, '<p>A particle moving in a straight line covers half the distance with speed of 3 m/s. The other half of the distance is covered in two equal time intervals with speed of 4.5 m/s and 7.5m/s respectivel', '|4.0 m/s|5.0 m/s|5.5 m/s|4.8 m/s', 1, 0, NULL),
(274, 9, 25, 29, '<p>If an object is in a state of equilibrium</p>', '|It is at rest|It is in motion at constant velocity|It is in free fall|May be more than one of the above', 4, 0, NULL),
(275, 9, 25, 29, '<p>A moving subject can come to rest only if it</p>', '|has a frictional force acting on it|has no net force acting on it|is completely isolated|applies an impulse to something else', 4, 0, NULL),
(276, 9, 25, 29, '<p><img style="height: auto !important; max-width: 564px;" src="http://qbimg.simplylearnt.com/weekly_test/ntse/science/motion_and_force/questions/ques62.gif" alt="" width="100%" /></p>', '|6 meter|12 meter|9 meter|16 meter', 3, 0, NULL),
(277, 9, 25, 29, '<p>A sprinter starts from rest and acceleration at a steady rate for the first 50 m of a 100 m race, and then continues at a constant velocity for the second 50 m of the race. If the sprinter runs the', '|5 m/s|10 m/s|12 m/s|15 m/s', 4, 0, NULL),
(278, 9, 25, 29, '<p>Which of the following statement contains references to displacement?<br />I. The is a five mile drive along the winding country road. II. The town sits an attitude of 940 m. III.The town is 10 mil', '|I only|III only|I and III only|II and III only', 4, 0, NULL),
(279, 9, 25, 29, '<p>A woman runs 40 m to the north in 6.0 s, and then 30 m to the east in 4.0 s. What is the magnitude of her average velocity</p>', '|5.0 m/s|6.0 m/s|6.7 m/s|7.0 m/s', 1, 0, NULL),
(280, 9, 25, 29, '<p>Who provided a basis for the study of dynamics</p>', '|Galileo|Newton|Kepler|Einstein', 2, 0, NULL),
(281, 9, 25, 29, '<p>A force F is acting on an object of mass 6m to give it an acceleration of a. If m is halved and F is quadrupled, what happens to a</p>', '|It is divided by 8|It is divided by 2|It remains unchanged|It is multiplied by 8', 4, 0, NULL);
INSERT INTO `student_question` (`id`, `class_id`, `subject_id`, `topic_id`, `questions`, `answers`, `correct`, `difficulty`, `concepts`) VALUES
(282, 9, 25, 29, '<p>Inertia is the tendency of an object to remain at constant</p>', '|Acceleration|Position|Speed|Velocity', 4, 0, NULL),
(283, 9, 25, 29, '<p>What is the weight of 50 kg person in outer space</p>', '|490 N|50 N|0 N|Not enough information', 3, 0, NULL),
(284, 9, 25, 29, '<p>An object with mass 2 kg moves with a velocity of 10 m/s. What is the net force on the body</p>', '|20 N|0 N|5 N|20 N', 2, 0, NULL),
(285, 9, 25, 29, '<p>A 150m long train is moving with a uniform velocity of 45 km/h. The time taken by the train to cross a bridge of length 850m is</p>', '|56 sec|68 sec|80 sec|92 sec', 3, 0, NULL),
(286, 9, 25, 29, '<p>A particle is moving along a straight line. The magnitudes of the velocity at t=0, t=10 s and t=20 s are 0 m/s, 10 m/s and 30 m/s respectively. Its average acceleration over the second interval of ', '|20%|50%|100%|150%', 3, 0, NULL),
(287, 9, 25, 29, '<p><strong>Direction</strong> Each question contains Statement-1 (Assertion) and Statement-2 (Reason). Each Question has 5 choices a, b, c, d, e out of which ONLY ONE is correct. Statement 1 : A body ', '|Statement 1 is true, Statement-2 is true. Statement 2 is a correct explanations for Statement 1.|Statement 1 is true, Statement 2 is true. Statement 2 is NOT correct explanation for Statement 1.|Stat', 3, 0, NULL),
(288, 9, 25, 29, '<p>A scissor is an example of lever of</p>', '| First type|second type|third type|Not any type', 1, 0, NULL),
(289, 9, 25, 29, '<p><img style="height: auto !important; max-width: 603px;" src="http://qbimg.simplylearnt.com/weekly_test/ntse/science/motion_and_force/directions/dirn83-85.gif" alt="" width="100%" /> Which combinati', '|Experiment 1 and Experiment 2|Experiment 1 and Experiment 3|Experiment 2 and Experiment 3|Experiment 1, Experiment 2 and Experiment 3', 3, 0, NULL),
(290, 9, 25, 29, '<p><strong>Direction</strong> Each question contains Statement-1 (Assertion) and Statement-2 (Reason). Each Question has 5 choices a, b, c, d, e out of which ONLY ONE is correct. Statement 1 : All bod', '|Statement 1 is true, Statement-2 is true. Statement 2 is a correct explanations for Statement 1.|Statement 1 is true, Statement 2 is true. Statement 2 is NOT correct explanation for Statement 1.|Stat', 4, 0, NULL),
(292, 9, 25, 32, '<p>A source of sound&nbsp; of frequency 600 Hz&nbsp; is placed inside water. The speed of sound in water is 1500 m/s and in air is 300 m/s. The frequency of sound recorded&nbsp; by an observer&nbsp; w', '|200 Hz|3000 Hz|120 Hz|600 Hz', 4, 0, NULL),
(293, 9, 25, 32, '<p>The distance between two consecutive crests in a wave train produced in a string is 5cm. If 2 complete waves pass through any point per second, the velocity of the wave is</p>', '|10 cm/sec|2.5 cm/sec|5 cm/sec|15 cm/sec', 1, 0, NULL),
(294, 9, 25, 32, '', '||||', 1, 0, NULL),
(295, 9, 25, 32, '<p>The frequency of a rod is 200Hz. If the velocity of sound in air is 340 m/s, the wavelength of the sound produced is</p>', '|1.7 cm|6.8 cm|1.7 m|6.8 m', 3, 0, NULL),
(296, 9, 25, 32, '<p>is an organized pattern of sound</p>', '|pitch|rhythm|noise|volume', 2, 0, NULL),
(297, 9, 25, 32, '<p>A source of sound produces waves of wavelength 0.80 m in air. The same source of sound produces waves of wavelength 4.0m in water. If the velocity of sound in air= 332 m/s. Find the velocity of sou', '|1660 m/s|1560 m/s|1260 m/s|1640 m/s', 1, 0, NULL),
(298, 9, 25, 32, '<p>The velocity of sound is largest in</p>', '|Water|Air|Metal|Vacuum', 3, 0, NULL),
(299, 9, 25, 32, '<p>A man can hear one of the following sound having frequency</p>', '|10 hertz|440 hertz|21, 000 hertz|No frequency', 4, 0, NULL),
(300, 9, 25, 32, '<p>In a long spring which of the following type of waves can be generated</p>', '|Longitudinal only|Transverse only|Both longitudinal and transverse|Electromagnetic only', 3, 0, NULL),
(301, 9, 25, 32, '<p>A man can hear one of the following sound having frequency</p>', '|10 hertz|440 hertz|21, 000 hertz|No frequency', 2, 0, NULL),
(302, 9, 25, 32, '<p>An underwater explosion is caused near the sea-shore. There are two observers, X under water and Y on land, each at a distance of 1 km from the point of explosion</p>', '|X will hear the sound earlier|Y will hear the sound earlier|Both will hear the sound at the same time|Y will not hear the sound at all', 1, 0, NULL),
(303, 9, 25, 32, '<p>Which of the following statements is wrong-</p>', '|Sound travels in straight line|Sound is form of energy|Sound travels in the form of waves|Sound travels faster in vacuum than in air', 4, 0, NULL),
(304, 9, 25, 32, '<p><label id="answer_opt_4_txt" for="answer_opt_4">A source of frequency 500 Hz emits waves of wavelength 0.2m. How long does it take the waves to travel 300 m</label></p>', '|75 s|60 s|12 s|3 s', 4, 0, NULL),
(305, 9, 25, 32, '<p>To hear a distinct echo, the minimum distance of a reflecting surface should be</p>', '|17 metres|34 metres|68 metres|340 metres', 1, 0, NULL),
(306, 9, 25, 32, '<p>Which one of the following materials will reflect sound better</p>', '|Thermocole|curtain made from cloth|steel|Paper', 3, 0, NULL),
(307, 9, 25, 32, '<p>A sound wave travels from east to west in which direction do the particles of air move</p>', '|East-west|North-south|Up and down|None of these', 1, 0, NULL),
(308, 9, 25, 32, '<p>The unit of frequency of sound is</p>', '|Metre/second|Second/metre|Hertz|None of these', 3, 0, NULL),
(309, 9, 25, 32, '<p>A wave of frequency 1000 Hz travels between X and Y, a distance of 600 m in 2 sec. How many wavelengths are there in distance XY</p>', '|3.3|300|180|2000', 4, 0, NULL),
(310, 9, 25, 32, '<p>Sound pressure is caused by a sound wave. How can the sound pressure be measured in air</p>', '|microphone|scale|hydrophone|it can not be measured in air', 1, 0, NULL),
(311, 9, 25, 32, '<p>A mechanical wave is the disturbance which takes place in a material medium for its propagation. Sound waves are mechanical waves but light waves are electromagnetic waves and do not need any mediu', '|The sound will be heard at the surface of the earth during all seasons|e sound will not be heard at the surface of the earth|The sound will be heard at the surface of the earth during the rainy seaso', 2, 0, NULL),
(312, 9, 25, 32, '<p>Speed of sound at constant temperature depends on</p>', '|Presurre|Density of gas|Above both|none of these', 4, 0, NULL),
(313, 9, 25, 32, '<p>An observer notes that there is a 6 second interval between seeing a flash of lightening and hearing the clap of thunder. How far away is the storm</p>', '|204 m|2040m |2040 cm|408 m', 2, 0, NULL),
(314, 9, 25, 32, '<p>A wave of frequency 1000 Hz travels between <em>X</em> and <em>Y</em>, a distance of 600 m in 2 sec. How many wavelengths are there in distance <em>X</em><em>Y</em></p>', '|3.3|300|180|2000', 4, 0, NULL),
(315, 9, 25, 32, '<p>A light pointer fixed to one prong to a tuning fork touches a vertical plate. The fork is set vibrating and the plate is allowed to fall freely. If eight oscillations are counted when the plate fal', '|360 Hz|280 Hz|560 Hz|56 Hz', 4, 0, NULL),
(316, 9, 25, 32, '<p>When we hear a sound, we can identify its source from</p>', '|Amplitude of sound|Intensity of sound|Wavelength of sound|Overtones present in the sound', 4, 0, NULL),
(317, 9, 25, 32, '<p>Sound will be of higher pitch when</p>', '|Amplitude of sound wave increases|Amplitude of sound wave decreases|Frequency of sound wave increases|Frequency of sound waves decreases', 1, 0, NULL),
(318, 9, 25, 32, '<p>The unit of quantity on which loudness of sound depends i</p>', '|Metre|Hz|Metre/second|second', 1, 0, NULL),
(319, 9, 25, 32, '<p>Directions: Each question contains STATEMENT -1 (Assertion) and STATEMENT-2 (REASON). Each question has 5 choices (1), (2), (3), (4) and (5) out of which only one is correct. (a) Statement-1 is Tru', '|a|b|c|d', 2, 0, NULL),
(320, 9, 25, 32, '<p>Each question contains STATEMENT -1 (Assertion) and STATEMENT-2 (REASON). Each question has 5 choices (1), (2), (3), (4) and (5) out of which only one is correct. (a) Statement-1 is True, Statement', '|a|b|c|d', 2, 0, NULL),
(321, 9, 25, 32, '<p>Voice of a friend is recognized by its</p>', '|Pitch|Quality|Intensity|Velocity', 2, 0, NULL),
(322, 9, 25, 32, '<p>(REASON). Each question has 5 choices (1), (2), (3), (4) and (5) out of which only one is correct. (a) Statement-1 is True, Statement-2 is True; Statement-2 is a correct explanation for Statement-1', '|a|b|c|d', 4, 0, NULL),
(323, 9, 25, 32, '<p>Which of the following waves do not require any kind of medium to propagate</p>', '|Sound|Earthquake waves|Light waves|Water surface waves', 3, 0, NULL),
(324, 9, 25, 32, '<p>Waves produced on the surface of water are</p>', '|Longitudinal only|Transverse waves only|Electromagnetic Waves|Both Longitudinal and Transversal', 2, 0, NULL),
(325, 9, 25, 32, '<p>Propagation of wave transfers</p>', '|Energy only|Matter only|Both energy and matter|None of these', 1, 0, NULL),
(326, 9, 25, 32, '<p>What type of sound waves can propagate in solids</p>', '|Longitudinal only|Transverse only|Either longitudinal or transverse|Non mechanical waves only', 3, 0, NULL),
(327, 9, 25, 32, '<p>&nbsp;medium transmits a sound wave by virtue of its</p>', '|elasticity|Both inertia and elasticity|Inertia|Density', 4, 0, NULL),
(330, 9, 25, 21, '<p>Camphor is purified by the process of</p>', '|evaporation |distillation |sublimation |filtration ', 3, 0, 'change of state                                              '),
(331, 9, 25, 21, '<p>LPG is used in the kitchens in our homes in the</p>', '|Solid form |compressed form |gaseous form |none', 3, 0, NULL),
(329, 9, 25, 32, '<p>The time taken to complete one oscillation is called</p>', '|Time period|Velocity|Frequency|Wavelength', 1, 0, NULL),
(332, 9, 25, 21, '', '||||', 1, 0, NULL),
(333, 9, 25, 21, '<p>Which of the following is not fluid</p>', '|water|air|sand|sharbat', 3, 0, NULL),
(334, 9, 25, 21, '<p>On Kelvin scale 0<sup>o</sup> C is equal to</p>', '|273 K|-273 K|0 K|100 K', 2, 0, NULL),
(335, 9, 25, 21, '<p>SI unit of temperature is</p>', '|Kelvin |Celsius |Fahrenheit |Pascal ', 1, 0, NULL),
(336, 9, 25, 21, '<p>Dry ice means</p>', '|solid SO2 |solid water |solid CO2 |solid CO ', 3, 0, NULL),
(337, 9, 25, 21, '<p>Condensation is a process which involves conversion of</p>', '|solid into liquid |liquid into vapour |vapour into liquid |liquid into solid ', 3, 0, NULL),
(338, 9, 25, 21, '<p>During evaporation, the particles of liquid evaporate from</p>', '|The bulk of liquid |surface only |the surface and bulk of liquid |none of them', 2, 0, NULL),
(339, 9, 25, 21, '<p>Which of the following will not sublime</p>', '|Camphor |ammonium chloride|bromine |iodine', 4, 0, NULL),
(340, 9, 25, 21, '<p>A state of matter which has a definite shape and fixed volume</p>', '|solid|liquid|gas|none of these', 1, 0, NULL),
(341, 9, 25, 21, '<p>A state of matter which does not have a definite shape but has definite volume</p>', '|solid|liquid|gas|none of these', 2, 0, NULL),
(342, 9, 25, 21, '<p>A state of matter which neither has neither definite shape nor definite volume</p>', '|solid|gas|liquid|none of these', 2, 0, NULL),
(343, 9, 25, 21, '<p>The states of matter can be changed by changing</p>', '|Temperature |pressure |both (a) and (b)|none of these', 3, 0, NULL),
(344, 9, 25, 21, '<p><span style="color: #993300;"><strong>The rate of evaporation does not depend on</strong></span></p>', '|Temperature |humidity |pressure |speed of wind', 3, 0, NULL),
(345, 9, 25, 21, '<p>Which of the following is accompanied by cooling</p>', '|Vaporization |evaporation |condensation |none of these', 1, 0, NULL),
(346, 9, 25, 21, '<p>A bulk phenomenon in which particles from whole of the liquid change into vapour state is called</p>', '|Boiling |cooling |melting |none of these', 1, 0, NULL),
(347, 9, 25, 21, '<p>The amount of heat energy required to change 1 kg of solid into liquid at its melting point is called</p>', '|Melting point |latent heat of fusion |boiling point |latent heat of vaporization', 2, 0, NULL),
(348, 9, 25, 21, '<p>The amount of heat energy required to change 1 kg of liquid into solidat its boiling point is called</p>', '|melting point|latent heat of fusion |boiling point |latent heat of vaporization', 4, 0, NULL),
(349, 9, 25, 21, '<p>The density of water is _________ than that of ice</p>', '|more|less|equal to|none', 1, 0, NULL),
(350, 9, 25, 21, '<p>The temperature at which any solid melts to become a liquid at the atmospheric pressure is called</p>', '|Boiling point |melting point |freezing point |none of these. ', 2, 0, NULL),
(351, 9, 25, 21, '<p>question1</p>', '|ans1|ans2|ans3|ans3', 1, 0, NULL),
(352, 9, 25, 21, '<p>questio2</p>', '|ans1|ans2|ans3|ans4', 1, 0, NULL),
(353, 9, 25, 21, '<p>The temperature at which the vapour pressure of the liquid becomes equal to the atmospheric pressure is called</p>', '|Boiling point |melting point |freezing point |none of these', 4, 0, NULL),
(354, 9, 25, 21, '<p>Which is not the characteristic of matter</p>', '|particles of a matter are continuously moving|particles of matter move faster on increasing temperature|particles of matter intermix with each other on their own|Particles of all maters have same kin', 4, 0, NULL),
(355, 9, 25, 21, '<p>The compressibility of which state of matter is high</p>', '|solid|gas|liquid|all of these', 2, 0, NULL),
(356, 9, 25, 21, '<p>Which of the following is the simplest form of matter</p>', '|element|mixture|compund|none of these ', 1, 0, NULL),
(357, 9, 25, 21, '<p>Which of them is most energetic</p>', '|gases|solids|liquid|all of them are equally energetic', 1, 0, NULL),
(358, 9, 25, 21, '<p>Which of the following is correct for something to be called matter</p>', '|It should occupy space|It should have mass |both a and b|more data is needed', 1, 0, NULL),
(359, 9, 0, 0, '<p>Which of the following cannot be considered as matter</p>', '|Mixture |affection |gas|liquid', 2, 0, NULL),
(360, 9, 25, 21, '<p>Which of the following cannot be considered as matter</p>', '|mixture|affection|gas|liquid', 2, 0, NULL),
(361, 9, 25, 21, '<p>Which of the following is correct about solid carbon dioxide</p>', '|It is used in theatres to give special effects|It is extremely cold substance|It is used to keep freeze food and to keep ice-cream cold|all of the above', 4, 0, NULL),
(362, 9, 25, 21, '<p>Which of the following statements is not correct</p>', '|The density of ice is less than the density of water|To convert a temperature on the Kelvin scale to Celsius scale, subtract 273 from the given temperature|To convert a temperature on the Celsius sca', 4, 0, NULL),
(363, 9, 25, 21, '<p>When a substance is directly changed form solid state to gas on heating or from gas to solid on cooling, this process is called</p>', '|Evaporation |condensation |sublimation |vaporization ', 3, 0, NULL),
(364, 9, 25, 18, '<p>The largest cell in the human body is</p>', '|Nerve cell |Muscle cell |Liver cell |Kidney cell ', 1, 0, NULL),
(365, 9, 25, 18, '<p>The barrier between the protoplasm and the other environment in&nbsp; an&nbsp;&nbsp; animal cells</p>', '|Cell wall |Nuclear membrane |Tonoplast|Plasma membrane ', 4, 0, NULL),
(366, 9, 25, 18, '<p>The term &lsquo;Cell&rsquo; was given by</p>', '|Leeuwenhoek |Robert hooke |Flemming |Robert Brown ', 2, 0, NULL),
(367, 9, 25, 18, '<p>Who proposed the cell theory?</p>', '|Schleiden and Schwann |Watson and Crick |Darwin and Wallace |Mendel and Morgan ', 1, 0, NULL),
(368, 9, 25, 18, '<p>A plant cell differs from an animal cell in the absence of</p>', '|Endoplasmic Reticulum |Mitochondria|Ribosome |Centrioles ', 4, 0, NULL),
(369, 9, 25, 18, '<p>Centrosome is found in</p>', '|Cytoplasm |Nucleus |Chromosomes |Nucleolus ', 1, 0, NULL),
(370, 9, 25, 18, '<p>The power house of a cell is</p>', '|Chloroplast |Mitochondrion |Golgi apparatus |Nucleolus ', 2, 0, NULL),
(371, 9, 25, 18, '<p>Within a cell the site of respiration (oxidation) is the</p>', '|Ribosome |Golgi apparatus |Mitochondrion |Endoplasmic Reticulum ', 3, 0, NULL),
(372, 9, 25, 18, '<p>Which is called &lsquo;Suicidal Bag&rsquo;</p>', '|Centrosome |Lysosome |Mesosome |Chromosome ', 2, 0, NULL),
(373, 0, 0, 0, '', '||||', 1, 0, NULL),
(374, 9, 25, 18, '<p>Cell organelle found only in Plant is</p>', '|Golgi apparatus |Mitochondria |Plastids |Ribosomes ', 3, 0, NULL),
(375, 9, 25, 23, '<p>What will be the sublimate, when a mixture of sand, sulphur, common salt and iodine is sublimed</p>', '|sand|iodine|sulphur|common salt', 2, 0, NULL),
(376, 9, 25, 23, '<p>Which of the following substances when mixed with sand cannot be separated by sublimation</p>', '|NaCl |NH4Cl |Camphor |Iodine', 1, 0, NULL),
(377, 9, 25, 23, '<p>Which of the following is a physical change</p>', '|Evaporation of alcohol |Melting of ice |Rusting of iron |Both (A) & (B)', 4, 0, NULL),
(378, 9, 25, 23, '<p>Mixture of sand and camphor can be purified by</p>', '|distillation |filtration |sedimentation |sublimation', 4, 0, NULL),
(379, 9, 25, 23, '<p>A mixture of alcohol and water can e separated by</p>', '|separating funnel |fractional distillation|simple distillation |sublimation', 2, 0, NULL),
(380, 9, 25, 23, '<p>To separate the various coloured pigments present in a substance which method is used</p>', '|sublimation |Chromatography |Centrifugation |Evaporation', 2, 0, NULL),
(381, 9, 25, 23, '<p>Carbon burns in oxygen to form carbon dioxide. The properties of carbon dioxide are</p>', '|similar to carbon|similar to oxygen|totally different from both|much similar to both', 2, 0, NULL),
(382, 9, 25, 23, '<p>A mixture of ammonium chloride and sodium chloride can be separated by</p>', '|chromatography |hand picking |by sublimation |centrifugation', 3, 0, NULL),
(383, 9, 25, 23, '<p>Which of the following is not a chemical change</p>', '|Rusting of iron|Cooking of food|Freezing of water|Digestion of food', 3, 0, NULL),
(384, 9, 25, 23, '<p>Which of the following method is used for separation of different components of petroleum?</p>', '|Fractional distillation|Sublimation|Chromatography|Simple distillation', 1, 0, NULL),
(385, 9, 25, 23, '<p>Which of the following is/are example of suspension</p>', '|Muddy water |Slaked lime |Paints |All', 4, 0, NULL),
(386, 9, 25, 23, '<p>Which of the following statement is not true about suspension ?</p>', '|The particles of suspension can be separated from solvent by the process of filtration|When the suspension is kept undisturbed the particles of suspension settle down|A suspension is homogeneous in n', 3, 0, NULL),
(387, 9, 25, 23, '<p>Fog is an example of</p>', '|foam |emulsion |aerosol |gel', 3, 0, NULL),
(388, 9, 25, 23, '<p>Which of the following statement is not true about colloidal solution</p>', '|These are visible under powerful microscope|Their particles do not settle down with passage of time|Their particles are electrically charged|These are homogeneous in nature', 4, 0, NULL),
(389, 9, 25, 23, '<p>Which of the following is an example of emulsion</p>', '|Face cream |Shaving cream |Honey|Smoke', 1, 0, NULL),
(390, 9, 25, 23, '<p>Soap solution is an example of</p>', '|true solution |suspension |colloidal solution |none of these ', 3, 0, NULL),
(391, 9, 25, 23, '<p>When a beam of light is passed through a colloidal solution, it gets</p>', '|reflected |absorbed |scattered |refracted ', 3, 0, NULL),
(392, 9, 25, 23, '<p>Which of the following is an example of gel</p>', '|Coloured gem |Jelly |Smoke |Shaving cream ', 2, 0, NULL),
(393, 9, 25, 23, '<p>Which of the following will show Tyndall effect</p>', '|Starch solution |Sodium chloride solution |Copper sulphate solution |Sugar solution', 1, 0, NULL),
(394, 9, 25, 23, '<p>Colloidal particles can be normally seen by</p>', '|naked eye|optical microscope |electron microscope |telescope', 2, 0, NULL),
(395, 9, 25, 24, '<p>Name the Indian Philospher who "the smallest indivisible particles of matter" as <em>Parmanu</em></p>', '|Pakudha Katyayama|Maharishi Kanad|Aryabhatt|Democritus', 1, 0, NULL),
(396, 9, 26, 36, '<p>Sum of 5 apples + 5 mangos =</p>', '|10 Fruits|10 Apples|10 Mangos|Invalid Question', 1, 0, NULL),
(397, 9, 25, 24, '<p><strong>Who laid the foundation of laws of Chemical Combination:</strong></p>', '|Democritus|Lavoisier|Dalton|Proust', 2, 0, NULL),
(398, 9, 25, 24, '<p><strong>Law of Definite Proportions was proposed by:</strong></p>', '|Wilhelm Ostwald|John Dalton|A Lavosier|Joseph Proust', 4, 0, NULL),
(399, 9, 26, 36, '<p>question1</p>', '|1|2|3|4', 1, 0, NULL),
(400, 9, 26, 36, '<p>question2</p>', '|1|2|3|4', 1, 0, NULL),
(406, 9, 25, 25, '<p>The electronic configuration of an atom is 2,8,3. The number of valence electrons in the atom is</p>', '|13|10|3|8', 3, 0, NULL),
(402, 9, 25, 25, '<p><strong>Proton was discovered by</strong></p>', '|Rutherford|Chadwick|J.J. Thomson|Goldstein', 4, 0, NULL),
(403, 9, 25, 25, '<p><strong>Canal rays are ___________</strong></p>', '|negative charged particles|positive charged particles|beam of neutrons|none  of these', 2, 0, NULL),
(404, 9, 25, 25, '<p><strong>&alpha;-particles are ___________</strong></p>', '|positive charged particles|negative charged particles|beam of neutrons|gamma radiation', 2, 0, NULL),
(405, 9, 25, 25, '<p><strong>An &alpha;-particle is _____________</strong></p>', '|a Hydrogen nucleus|a Helium nucleus|a proton|an electron', 2, 0, NULL),
(407, 9, 25, 25, '<p>Two elements X and Y have the same atomic mass but their atomic numbers are 20 and 21 respectively. X and Y are</p>', '|isobars|isotones|isomers|isotopes', 4, 0, NULL),
(408, 9, 25, 25, '<p>In an atom, the mass number of an atom is equal to the number of _________________.</p>', '|nucleons|protons|electrons|neutrons', 1, 0, NULL),
(409, 9, 25, 25, '<p>Number of neutrons present in Hydrogen atom is _______.</p>', '|0|1|2|3', 1, 0, NULL),
(420, 9, 25, 26, '<p>Many kinds of tissues organise to form an</p>', '|organ|organ system|body system|organelle', 1, 0, NULL),
(411, 9, 25, 25, '<p>Protium, Deutrium and Tritium are isotopes of ____________.</p>', '|Rhodium|Sodium|Hydrogen|Helium', 3, 0, NULL),
(412, 9, 25, 25, '<p>If Z represents the atomic number and A represents mass number, then the number of neutrons in an atom can be computed as<br /> </p>', '|A + Z|A - Z|Z-A|A ', 2, 0, NULL),
(413, 9, 25, 25, '<p><strong>I</strong>f Z represents the atomic number and A represents mass number, then the number of electrons in an atom can be computed as</p>', '|A + Z|A - Z|Z-A|A', 4, 0, NULL),
(414, 9, 25, 25, '<p>The number of electrons in the outermost shell in the atom of an inert element is</p>', '|0|1|2|8', 4, 0, NULL),
(415, 10, 24, 37, '<p>Which of the following statements is true concerning acids and bases</p>', '|Acids and bases do not react with each other|Acids mixed with bases neutralize each other|Acids mixed with based make stronger bases|Acids mixed with bases make stronger acids', 2, 0, 'Reactions of acids,bases,Acids,                                                                                                '),
(416, 9, 25, 25, '<p>Which one of the following will have the maximum charge/mass ratio</p>', '|electron|proton|neutron|-particle', 1, 0, NULL),
(417, 9, 25, 25, '<p>The maximum number of electrons that can be accommodated in M shell is:</p>', '|2|8|18|32', 3, 0, NULL),
(418, 9, 25, 26, '<p>The study of tissues is called ...</p>', '|cytology|embryology|histology|pathology', 3, 0, NULL),
(419, 9, 25, 26, '<p>Which of the following statement is NOT true?</p>', '|Most of the plant tissues are supportive type.|Tissues ensure division of labour.|Sedantry existence contribute to the organ system design in animals|Organ systems are far more complex in animals tha', 3, 0, NULL),
(421, 9, 25, 26, '<p>Parenchyma is a type of<strong></strong></p>', '|simple tissue|complex tissue|xylem|phloem', 1, 0, NULL),
(422, 9, 25, 26, '<p>Which of the following is not a simple tissue</p>', '|parenchyma|xylem|collenchyma|sclerenchyma', 2, 0, NULL),
(423, 9, 25, 26, '<p>The husk of the coconut is made up of</p>', '|collenchyma|sclerenchyma|apical meristem|intercalary meristem', 2, 0, NULL),
(424, 9, 25, 26, '<p>The basic principle based on which categorise plant tissues as meristematic and permanent is:</p>', '|capacity to do photosynthesis|capacity to divide|capacity to locomote|complexity to perform a function', 2, 0, NULL),
(425, 9, 25, 26, '<p>Which type of tissue has lignified cell walls</p>', '|Parenchyma|Collenchyma|Sclerenchyma|cambium', 3, 0, NULL),
(426, 9, 25, 26, '<p>Which tissue is responsible for the length of the plant</p>', '|Apical meristem|lateral meristem|Intercalary meristem|Epidermis', 1, 0, NULL),
(427, 9, 25, 26, '<p>The girth of the stem or root increases due to ___</p>', '|Apical meristem|Cambium|Intercalary meristem|Epidermis', 2, 0, NULL),
(428, 10, 24, 37, '<p>Which of the correct set of acid properties, as described by Boyle</p>', '|Sour taste, corrosive, change litmus from red to blue|Sour taste, corrosive, change litmus from blue to red|Sweet taste, slippery, change litmus from blue to red|Sour taste, slippery, change litmus f', 2, 0, 'Reactions of acids,Acids,                                                '),
(429, 10, 24, 37, '<p>Neutral solutions have a pH of</p>', '|0|7|14|18', 2, 0, 'Neutralization,Introduction to pH,                                              '),
(430, 10, 24, 37, '<p>A chemical species having one ionizable hydrogen ion is</p>', '|Monoprotic|Diprotic|Triprotic|Polyprotic', 1, 0, 'Ionization of water,Ionization of water,                                                '),
(431, 10, 24, 37, '<p>Vinegar, fruit juice, and cola are examples of</p>', '|Strong acids|Weak acids|Strong bases|Weak bases', 2, 0, 'Reactions of acids, Acids,                                                 '),
(432, 9, 25, 26, '<p><span>Which meristem is present at the base of the leaves or internodes on twigs</span></p>', '|Apical meristem|Cambium|Intercalary meristem|Epidermis', 3, 0, NULL),
(433, 9, 25, 26, '<p>Which of the following statements is incorrect</p>', '|Some tissues in plants divide throughout the life|Cell growth in animals is more uniform as compared to plants |Animals have more dead tissues as compared to plants |There is no demarcation of dividi', 3, 0, NULL),
(434, 9, 25, 26, '<p>What are the identifying features of meristematic tissues</p>', '|thick cellulose wall, small vacuoles, dense cytoplasm, small nuclei|thin cellulose wall, almost no vacuoles, dense cytoplasm, prominent nuclei|thin cellulose wall,no vacuoles, sparse cytoplasm, promi', 2, 0, NULL),
(435, 9, 25, 26, '<p>A permanent slide shows thin walled isodiametric cells with a large vacuole. The slide contains</p>', '|Parenchyma cells|Nerve cells|Sclerenchyma cells|Collenchyma cells', 1, 0, NULL),
(439, 9, 25, 27, '<p>Chloroplast in <em>Spirogyra</em> is</p>', '|spirally arranged and ribbon shaped with pyrenoids|spirally arranged without pyrenoids|circular|cup-shaped', 1, 0, NULL),
(437, 9, 25, 26, '<p>Aditi observed following observations while looking into a permanent slide</p>\r\n<ol>\r\n<li>Cells are long and cylindrical</li>\r\n<li>Light and dark bands are present</li>\r\n</ol>\r\n<p>It could be a sli', '|neuron|smooth muscle fibre|striated muscle fibre|parenchyma cells', 3, 0, NULL),
(438, 9, 25, 26, '<p>The inner lining of blood vessels is made up of which tissues</p>', '|Nervous tissue|Epithelial tissue|Connective tissue|Muscle tissue', 3, 0, NULL),
(440, 9, 25, 27, '<p>Needle shaped structure in <em>Pinus</em> plant is</p>', '|leaf|shoot|stem|reproductive part', 1, 0, NULL),
(441, 9, 25, 27, '<p>Which among the following produce seeds</p>', '|Thallophyta|Bryophyta|Pteridophyta|Gymnosperms', 4, 0, NULL),
(442, 9, 25, 27, '<p>Which of the following are called "Amphibians of Plant Kingdom</p>', '|bryophytes|algae|pteridophytes|gymnosperms', 1, 0, NULL),
(443, 9, 25, 27, '<p>A plant has woody stem and its leaves show reticulate venation?</p>', '|gymnosperm|monocot|dicot|pteridophyte', 3, 0, NULL),
(444, 9, 25, 27, '<p>Some students want to prepare a temporary mount of <em>Spirogyra</em>. Where should they search for fresh specimen</p>', '|In a pond and salty water|In a stream of fresh water|In a stream of salty water|In a pond with stagnant water', 4, 0, NULL),
(445, 9, 25, 27, '<p>Pneumatic bones is an important characteristic of</p>', '|reptiles|amphibians|aves|mammals ', 3, 0, NULL),
(446, 9, 25, 27, '<p>Earthworm is</p>', '|bisexual with self fertilization|bisexual with cross-fertilization|unisexual with cross-fertilization|none of these', 2, 0, NULL),
(447, 9, 25, 27, '<p>Which one is a true fish</p>', '|Jellyfish|Starfish|Dogfish|Silverfish', 3, 0, NULL),
(448, 9, 25, 27, '<p>Which of the following is not an aerial adaptation of a bird</p>', '|Presence of strong flight muscles|Presence of vertebral columns|Streamlined body|Forelimbs modified into wings', 2, 0, NULL),
(449, 9, 25, 27, '<p>Which of the following is a group of invertebrate animals</p>', '|mammalia|pisces|reptilia|arthopoda', 4, 0, NULL),
(450, 9, 25, 27, '<p>Which of the following is a flightless bird</p>', '|penguin|ostrich|kiwi|all of these', 4, 0, NULL),
(451, 9, 25, 24, '<p>The number value 6.022 X 10<sup><span style="font-size: 8px;">23</span></sup>&nbsp;is also called</p>', '|Dalton Number|Avagadros number|Atomic Number|Mass Number', 2, 0, NULL),
(452, 9, 25, 24, '<p>The number of moles for 52g of He is</p>', '|6.022  1023|13|52|`1', 2, 0, NULL),
(453, 9, 25, 24, '<p>1 u or 1 amu means</p>', '|1/12th mass of C-12 atoms|Mass of C-12 atom|Mass of O-16 atom|Mass of Hydrogen molecule', 1, 0, NULL),
(454, 9, 25, 24, '<p>Formula for Magnesium Chloride is</p>', '|MgCl|Mg2Cl|MgCl2|MgCl4', 3, 0, NULL),
(455, 9, 25, 24, '<p>Formula for Aluminium Oxide is</p>', '|AlO|AlO2|Al3O2|None of these', 4, 0, NULL),
(456, 9, 25, 24, '<p>Who introduced the term &lsquo;mole&rsquo; in chemistry</p>', '|John Dalton|Amedeo Avagadro|A Lavosier|Wilhelm Ostwald', 4, 0, NULL),
(457, 9, 25, 38, '<p>When&nbsp;the passenger m oving in a bus , the road side trees appear to b e moving</p>', '|Back ward |For ward|at an angle |None of the above', 1, 0, NULL),
(458, 9, 25, 38, '<p>In uniform motion the object covers..</p>', '|equal distance |un equal distance |cannot be determined|varies from case to case', 1, 0, NULL),
(459, 9, 25, 38, '<p>Where objects cover un equal distances in equal interval of time then the motion is called</p>', '|uniform motion |non-uniform motion |acceleration|haphazard motion', 2, 0, NULL),
(460, 9, 25, 38, '<p>The average speed if a car is accelerating is given by</p>', '|Total time taken /total distance traveled |Total distance traveled/total time taken |None of the above |Total distance/final velocity', 2, 0, NULL),
(461, 9, 25, 38, '<p>Velocity is denoted by &lsquo;v&rsquo; equals</p>', '|t/s |s/t |sXt |none of the above', 2, 0, NULL),
(462, 9, 25, 38, '<p>An object travels 16m in 4sec and another 16 m in 2 sec. what is the average speed of the object</p>', '|5.33 m/s|5.34 m/s|4.53 m/s |5.3m/s', 2, 0, NULL),
(463, 9, 25, 38, '<p>If we specify , its direction of motion along with its speed , the quantity that specifies with the aspects is called</p>', '|velocity |motion |speed |acceleration', 1, 0, NULL),
(464, 9, 25, 38, '<p>The velocity of an object can be</p>', '|non uniform or variable |uniform or variable|haphazard|indterminate', 1, 0, NULL),
(465, 9, 25, 38, '<p>Average velocity equals</p>', '|(initial velocity + final velocity)/ 2|(initial velocity - final velocity)/ 2|(initial velocity) + (final velocity/ 2)|none of the above', 4, 0, NULL),
(466, 9, 25, 38, '<p>Average velocity is calculated as</p>', '|placement/ total time taken |Displacement/ total time taken |Distance/total time taken|Average of initial and final velocity', 2, 0, NULL),
(467, 9, 25, 38, '<p>Acceleration is calculated as</p>', '|change in velocity/ time taken |change in motion / time |Change in speed/time |None of the above', 1, 0, NULL),
(468, 9, 25, 38, '<p>displacement S is found as</p>', '|ut + 1/2(at*t)|vt + 1/2a(t*t)|vt + 1 at*t|ut + 2 a(t*t)', 1, 0, NULL),
(469, 9, 25, 38, '<p>A car accelerate uniformly from 18 km/h&nbsp;to 36 km/h&nbsp;in 5 sec . calculate the acceleration</p>', '|1m/s/s|1 m/s/s/s|0.5 m/s/s|none of the above', 1, 0, NULL),
(470, 9, 25, 38, '<p>A train starting from rest attaind a velocity of 72 km/h&nbsp;in 5 minutes . Assuming that the acceleration is uniform. Find the distance traveled by the train for attaing this velocity&nbsp;</p>', '|2km|5km|4km|none of the above', 4, 0, NULL),
(471, 10, 24, 37, '<p>An aqueous solution turns red litmus solution blue. Excess addition of which of the following solution would reverse the change</p>', '|Baking powder|Lime|Ammonium hydroxide solution|Hydrochloric acid', 4, 0, 'bases, Acids,Introduction to pH,                                                 '),
(473, 10, 24, 37, '<p>Which of the following gives the correct increasing order of acidic strength</p>', '|Water < Acetic acid < Hydrochloric acid|Water < Hydrochloric acid < Acetic acid|Acetic acid < Water < Hydrochloric acid|Hydrochloric acid < Water < Acetic acid', 1, 0, 'Reactions of acids, Acids,                                                 '),
(474, 9, 26, 39, '<p>Determine the point on the graph of the linear equation x + y=6, whose ordinate is twice its <br />abscissa</p>', '|2,3|2,4|3,1|4,2', 2, 0, NULL),
(475, 10, 24, 37, '<p>One of the constituents of baking powder is sodium hydrogencarbonate, the other constituent is</p>', '|Hydrochloric acid|Tartaric acid|Acetic acid|Sulphuric acid', 2, 0, 'Daily life Chemicals                                      '),
(476, 10, 24, 37, '<p>In any neutralization reaction, an acid plus a base will produce a salt plus</p>', '|Hydrogen gas|Oxygen gas|Another salt|Water', 4, 1, 'Acid & Base reaction                                    '),
(477, 10, 24, 37, '<p>As the strength of an acid increases, the strength of its conjugate base</p>', '|increase|Decreases|Remains the same|None of these', 2, 2, 'Acid & Base reaction                                         '),
(478, 10, 24, 37, '<p>An unknown substance dissolves easily in water, and turns litmus paper pink. The substance is most likely</p>', '|Base|Ester|Salt|Acid', 4, 0, 'Reactions of Acids                                     '),
(479, 10, 24, 37, '<p>A weak acid in solution is</p>', '|mostly molecules|mostly ions|both molecules and ions|less water', 3, 2, 'Molecular structure of Acids & Bases                                                '),
(480, 10, 24, 37, '<p>A solution of which of these substances could be used to titrate an acetic acid solution</p>', '|Ammonia|Potassium nitrate|Citric acid|Hydrogen bromide', 1, 0, NULL),
(481, 10, 24, 37, '<p>If I react magnesium with hydrochloric acid, what gas is produced</p>', '|Hydrogen|Oxygen|Carbon dioxide|No gas is produced', 1, 0, NULL),
(482, 10, 24, 37, '<p>Which of the following is the most accurate way of showing neutralisation</p>', '|Acid + base ---->Neutral solution|Acid + base ---->salt + water|Acid + base ----> sodium chloride + hydrogen|There is no reaction between acids and bases', 2, 0, NULL),
(483, 10, 24, 37, '<p>What are the products, if a reaction occurs between nitric acid and sodium hydroxide</p>', '|No reaction|Sodium hydrogenate + water|Sodium nitrate + water|Sodium nitrate + hydrogen', 3, 0, NULL),
(484, 10, 24, 37, '<p>Aluminium will react with Hydrochloric acid. What are the products of this reaction</p>', '|No reaction|Aluminium chloride + hydrogen|Hydrogen chloride + aluminium|Aluminium + hydrogen', 2, 0, NULL),
(485, 10, 24, 37, '<p>Which of the following is not acidic in nature</p>', '|Acetic Acid|Sodium Hydroxide|Sulphuric Acid|Hydrochloric Acid', 2, 0, NULL),
(486, 10, 24, 37, '<p>Slow eating away if iron articles in the presence of moist air is called</p>', '|Galvanisation|Crystallisation|Rusting|Neutralisation', 3, 0, NULL),
(487, 10, 24, 37, '<p>Which of the following is not an indicator</p>', '|Methyl Orange|Litmus|China Rose|Sunflower', 4, 0, NULL),
(488, 10, 24, 37, '<p>The acid present in lemons is</p>', '|Citric Acid|Oxalic Acid|Acetic Acid|Hydrochloric Acid', 1, 0, NULL),
(489, 10, 24, 37, '<p>is a basic gas which is used in the manufacture of fertilizers such as Urea</p>', '|Chlorine|Ammonia|Nitrogen|Oxygen', 2, 0, NULL),
(490, 10, 24, 37, '<p>Which of the following acids is found in acid rain? 1. Sulphur dioxide 2. Hydrocarbons 3.&nbsp;&nbsp; Smoke 4. Nitrogen oxides</p>', '|1 and 4|2 and 3|1 and 3|None of these', 1, 0, NULL),
(491, 10, 24, 37, '<p>acid is also known as Oil of Vitriol</p>', '|Nitric|Hydrochloric|Sulfuric|Hydroiodic', 3, 0, NULL),
(492, 10, 24, 37, '<p>Choose the correct statement(s): (i) Most of the acids are water soluble (ii) Acids react with metallic oxides and hydroxides to form metallic salt and water only. (iii) Acids react with metallic c', '|(i) & (ii) only|(iii) & (iv) only|(i), (ii) & (iv)|All of the above', 3, 0, NULL),
(493, 10, 24, 37, '<p>Indole acetic acid is</p>', '|A chemical fertilizer|A type of vinegar|A pesticide|A natural phytohormone', 4, 0, NULL),
(494, 10, 24, 37, '<p>When phthalic acid is heated with soda lime, we get</p>', '|Benzoic acid|Benzene|Toluene|None of the above', 2, 0, NULL),
(495, 10, 24, 37, '<p>Nitric acid oxidizes cane sugar to</p>', '|Oxalic acid|Citric acid|Formic acid|None of these', 1, 0, NULL),
(497, 10, 24, 37, '<p>Acetic acid is used</p>', '|As soda water|For decaling pipes|In flavoring food items|To manufacture detergents', 3, 0, NULL),
(498, 10, 24, 37, '<p>Tartar emetic is a derivative of tartaric acid which contains</p>', '|K only|Sb only|Both (a) and (b)|None of the above', 3, 0, NULL),
(499, 10, 24, 37, '<p>Rain water is</p>', '|Acidic|Neutral|Basic|None of the above', 2, 0, NULL),
(500, 10, 24, 37, '<p>When copper sulphate reacts with iron, green coloured ... solution and brown colour ... deposition is formed</p>', '|Iron oxide, copper sulphide|Iron sulphate, copper|Iron sulphate, copper oxide|Iron sulphide, copper oxide', 2, 0, NULL),
(501, 10, 24, 37, '<p>While repairing copper sulphate crystals from copper sulphate solution, dilute sulphuric acid is used instead of concentrate sulphuric acid, because</p>', '|Concentrated sulphuric acid is corrosive in nature|Dilute sulphuric acid makes large crystals|Concentrated acid is infective|Both (1) and (2)', 1, 0, NULL),
(503, 10, 24, 37, '<p>Bases are</p>', '|Salty in taste|Sour in taste|Bitter in taste|Sweet in taste', 3, 0, NULL),
(504, 10, 24, 37, '<p>Blue Vitriol is the common name of</p>', '|Copper Sulphate|Copper Oxide|Copper Hydroxide|Magnesium Sulphate', 1, 0, NULL),
(505, 10, 24, 37, '<p>When vinegar reacts with baking soda the gas evolved is</p>', '|Hydrogen|Oxygen|Carbon dioxide|Nitrogen dioxide', 3, 0, NULL),
(506, 10, 24, 37, '<p>What happens when a solution of an acid is mixed with a solution of a base in a test tube? (i)The temperature of the solution increases (ii)The temperature of the solution decreases (iv)The tempera', '|(i) only |(i) and (iii)|(i) and (iii)|(i), (iii) and (iv)', 4, 0, NULL),
(507, 10, 24, 37, '<p>To prevent iron from rusting a coating of this metal is deposited</p>', '|Calcium|Chromium|Sodium|Potassium', 2, 0, NULL),
(508, 10, 24, 37, '<p>An indicator that turns reddish brown when dissolved in soap solution is</p>', '|Litmus|China Rose|Turmeric Powder|None of these', 3, 0, NULL),
(509, 10, 24, 37, '<p>Sour taste of some fruits is due to the presence of</p>', '|Citric Acid|Tartaric Acid|Acetic Acid|Formic Acid', 1, 0, NULL),
(510, 10, 24, 37, '<p>The gas you use in kitchen is called liquefied petroleum gas (L.P.G.). In the cylinder, it exists as a liquid. When it comes out of the cylinder, it&nbsp; becomes as gas (process A), then it burns ', '|Process A is a chemical change|Process B is a chemical change|Both processed A and B are chemical changes|None of these processes is a chemical change.', 2, 0, NULL),
(511, 10, 24, 37, '<p>An oxidation reaction involves</p>', '|Addition of hydrogen or removal of oxygen|Addition of Oxygen or removal of hydrogen|Addition of Oxygen only|Addition of hydrogen Only', 2, 0, NULL),
(512, 10, 24, 37, '<p>In a combination reaction, how many products are formed</p>', '|Only one|Only two|One or two only|Many', 1, 0, NULL),
(513, 10, 24, 37, '<p>Which of the following is a strong acid</p>', '|Acetic Acid|Citric Acid|Nitric Acid|Tartaric Acid', 3, 0, NULL),
(514, 10, 24, 37, '<p>A small plant is planted outside your house, after a few years it i. Grows into a big tree ii. Bears fruit iii. Dies iv. Remains same<br />Which of the above statements is/are correct?</p>', '|(ii) only|(iii) & (iv)|(i) & (ii)|(i) only', 3, 0, NULL),
(515, 10, 24, 37, '<p>Industrial waste is ... in nature</p>', '|Acidic|Basic|Natural|Both (1) and (2)', 3, 0, NULL),
(516, 10, 24, 37, '<p>Pick out physical changes from the following: (i) Rusting of iron (ii) Dissolving salt in water (iii) Change of water to ice (iv) Cooking of food</p>', '|(i) & (ii) |(ii) & (iii)|(i), (ii) & (iii)|(iii) & (iv)', 2, 0, NULL),
(517, 10, 24, 37, '<p>The reaction of acid and a base to form salt and water only is called</p>', '|Neutralization|Addition|Substitution|Oxidation', 1, 0, NULL),
(518, 10, 24, 37, '<p>Natural indicator litmus is extracted from</p>', '|Lichens|Earthworms|Ants|Algae', 1, 0, NULL),
(519, 10, 24, 37, '<p>Acid contained in the sting of an ant is</p>', '|Acetic Acid|Formic Acid|Lactic Acid|Ascorbic Acid', 2, 0, NULL),
(520, 10, 24, 37, '<p>Sun rises in the east and sets in the&nbsp; west, this repeated change is called</p>', '|Irreversible change|Periodic change|Physical change|Chemical change', 2, 0, NULL),
(521, 10, 24, 37, '<p>Match the following and choose the answer from the code given below:<br />(A)Metals on heating&nbsp;&nbsp; (i) Reversible change&nbsp; (B)Souring of milk&nbsp; (ii) Expand (C) Making clay toys&nbsp', '|(A)-(iv), (B)-(i), (C)-(ii), (D)-(iii)|(A)-(ii), (B)-(i), (C)-(iv), (D)-(iii)|(A)-(iii), (B)-(iv), (C)-(i), (D)-(ii)|(A)-(ii), (B)-(iv), (C)-(i), (D)-(iii)', 4, 0, NULL),
(522, 10, 24, 37, '<p>Select the reversible changes from the following and choose the answer from the options given below. (i) Melting of wax (ii) Freezing of water (iii) Formation of curd from milk (iv) Expansion of me', '|(i) & (ii)|(i), (ii) & (iv)|(iii) only|All the above', 2, 0, NULL),
(523, 10, 24, 37, '<p>Acids turn methyl orange solution</p>', '|Blue|Pink|Red |Colourless', 2, 0, NULL),
(524, 10, 24, 37, '<p>When a drop of phenolphthalein is introduced in lime water, the solution turns</p>', '|Blue|Red|Milky|Pink', 4, 0, NULL),
(525, 10, 24, 37, '<p>A base which dissolves in water is called</p>', '|Soluble base|Alkali|Acid|Oxide', 2, 0, NULL),
(526, 10, 24, 37, '<p>Acids are ... in taste while bases are .. in taste</p>', '|Sweet, Salty|Sweet, Sour|Sour, Salty|Sour, Bitter', 4, 0, NULL),
(527, 10, 24, 37, '<p>A salt derived from a strong base and a weak acid will give a salt that is</p>', '|acidic|basic|neutral|volatile', 2, 0, NULL),
(528, 9, 26, 36, '<p>question10</p>', '|1|2|3|4', 1, 0, NULL),
(529, 9, 26, 36, '<p>question11</p>', '|1|2|3|4', 1, 0, NULL),
(530, 9, 26, 40, '<p>Angles of a quadrilateral are in ratio 3:6:8:13. The largest angle is:</p>', '|178|90|156|36', 3, 0, NULL),
(531, 9, 26, 40, '<p>Three angles of a quadrilateral are 75&deg;, 90&deg; and 85&deg;. The forth angle is</p>', '|90|85|105|110', 4, 0, NULL),
(532, 9, 26, 40, '<p>All the angles of a convex quadrilateral are congruent. However, not all its sides are congruent. What type of quadrilateral is it?</p>', '|Parallelogram|Square|Rectangle|Trapezium', 3, 0, NULL),
(533, 9, 26, 40, '<p><span>In a Parallelogram:</span></p>', '|opposite sides are equal|opposite angles are equal|diagonals bisect each other|none of these', 2, 0, NULL);

-- --------------------------------------------------------

--
-- Table structure for table `student_result`
--

DROP TABLE IF EXISTS `student_result`;
CREATE TABLE IF NOT EXISTS `student_result` (
  `id` int(11) NOT NULL AUTO_INCREMENT,
  `propic` text NOT NULL,
  `Student_name` varchar(100) DEFAULT NULL,
  `Subject_class` varchar(150) DEFAULT NULL,
  `Subject` varchar(80) DEFAULT NULL,
  `Student_topic` varchar(150) DEFAULT NULL,
  `obtained_marks` int(11) DEFAULT NULL,
  `Outof_marks` int(11) DEFAULT NULL,
  `Percent` float NOT NULL DEFAULT '0',
  `level` varchar(20) DEFAULT NULL,
  `strt_time` varchar(20) DEFAULT NULL,
  `end_time` varchar(20) DEFAULT NULL,
  `total_time` int(11) DEFAULT NULL,
  `Publish` varchar(20) DEFAULT NULL,
  `Date` varchar(40) DEFAULT NULL,
  `index` bigint(20) DEFAULT NULL,
  PRIMARY KEY (`id`)
) ENGINE=InnoDB  DEFAULT CHARSET=latin1 AUTO_INCREMENT=54 ;

--
-- Dumping data for table `student_result`
--

INSERT INTO `student_result` (`id`, `propic`, `Student_name`, `Subject_class`, `Subject`, `Student_topic`, `obtained_marks`, `Outof_marks`, `Percent`, `level`, `strt_time`, `end_time`, `total_time`, `Publish`, `Date`, `index`) VALUES
(27, '', 'Pallavi', 'X', 'Science', 'Acid Base Salt', 1, 1, 100, '0', '00:00:50', '00:00:40', 10, 'No', '2015-May-21', 54231),
(28, '', 'pallavi', 'X', 'Science', 'Acid Base Salt', 1, 1, 100, '0', '0:00:50', '0:00:48', 2, 'Yes', '2015-May-21', 33875),
(29, 'propic/pallavi.more@c9live.com/Penguins.jpg', 'pallavi', 'X', 'Science', 'Acid Base Salt', 1, 1, 100, '0', '0:00:50', '0:00:47', 3, 'Yes', '2015-May-21', 5501099),
(30, 'propic/pallavi.more@c9live.com/Penguins.jpg', 'pallavi', 'X', 'Science', 'Acid Base Salt', 3, 5, 60, '0', '0:00:50', '0:00:36', 14, 'No', '2015-May-29', 4239533),
(31, 'propic/pallavi.more@c9live.com/Penguins.jpg', 'pallavi', 'X', 'Science', 'Acid Base Salt', 3, 5, 60, '0', '0:00:50', '0:00:36', 14, 'No', '2015-May-29', 7058150),
(32, 'propic/pallavi.more@c9live.com/Penguins.jpg', 'pallavi', 'X', 'Science', 'Acid Base Salt', 3, 5, 60, '0', '0:00:50', '0:00:36', 14, 'No', '2015-May-29', 1912124),
(33, '', 'surya', 'X', 'Science', 'Acid Base Salt', 0, 10, 0, '0', '0:00:50', '0:00:00', 50, 'Yes', '2015-May-30', 8755810),
(34, '', 'surya', 'X', 'Science', 'Acid Base Salt', 3, 13, 23.0769, '0', '0:00:50', '0:00:04', 46, 'No', '2015-May-30', 574989),
(35, '', 'surya', 'X', 'Science', 'Acid Base Salt', 0, 13, 0, '0', '0:00:50', '0:00:32', 18, 'No', '2015-May-30', 4900616),
(36, 'propic/pallavi.more@c9live.com/Penguins.jpg', 'pallavi', 'X', 'Science', 'Acid Base Salt', 5, 10, 50, '0', '0:00:50', '0:00:28', 22, 'No', '2015-Jun-01', 1814935),
(37, 'propic/pallavi.more@c9live.com/Penguins.jpg', 'pallavi', 'X', 'Science', 'Acid Base Salt', 3, 10, 30, '0', '0:00:50', '0:00:30', 20, 'No', '2015-Jun-01', 1787287),
(38, 'propic/pallavi.more@c9live.com/Penguins.jpg', 'pallavi', 'X', 'Science', 'Acid Base Salt', 4, 12, 33.3333, '0', '0:00:50', '0:00:20', 30, 'No', '2015-Jun-02', 78296),
(39, 'propic/pallavi.more@c9live.com/Penguins.jpg', 'pallavi', 'X', 'Science', 'Acid Base Salt', 4, 12, 33.3333, '0', '0:00:50', '0:00:20', 30, 'No', '2015-Jun-02', 6036955),
(40, 'propic/pallavi.more@c9live.com/Penguins.jpg', 'pallavi', 'X', 'Science', 'Acid Base Salt', 4, 12, 33.3333, '0', '0:00:50', '0:00:20', 30, 'No', '2015-Jun-02', 2095200),
(41, '', 'surya', 'X', 'Science', 'Acid Base Salt', 0, 8, 0, '0', '0:00:50', '0:00:36', 14, 'Yes', '2015-Jun-03', 144936),
(42, '', 'surya', 'X', 'Science', 'Acid Base Salt', 1, 9, 11.1111, '0', '0:00:50', '0:00:25', 25, 'No', '2015-Jun-06', 1443982),
(43, 'propic/pallavi.more@c9live.com/Penguins.jpg', 'pallavi', 'X', 'Science', 'Acid Base Salt', 2, 9, 22.2222, '0', '0:00:50', '0:00:41', 9, 'No', '2015-Jun-06', 4682655),
(44, '', 'surya', 'X', 'Science', 'Acid Base Salt', 4, 13, 30.7692, '0', '0:00:50', '0:00:16', 34, 'No', '2015-Jun-06', 9179314),
(45, '', 'surya', 'X', 'Science', 'Acid Base Salt', 0, 17, 0, '0', '0:00:50', '0:00:42', 8, 'No', '2015-Jun-19', 1349448),
(46, '', 'surya', 'X', 'Science', 'Acid Base Salt', 0, 4, 0, '0', '0:00:50', '0:00:32', 18, 'Yes', '2015-Jun-21', 5498431),
(47, '', 'surya', 'X', 'Science', 'Acid Base Salt', 3, 16, 18.75, '0', '0:00:50', '0:00:06', 44, 'No', '2015-Jul-11', 4147383),
(48, 'propic/pallavi.more@c9live.com/friend_pic_1.jpg', 'pallavi', 'X', 'Science', 'Acid Base Salt', 0, 10, 0, '0', '0:00:50', '0:00:00', 50, 'No', '2015-Jul-11', 859197),
(49, 'propic/pallavi.more@c9live.com/friend_pic_1.jpg', 'pallavi', 'X', 'Science', 'Acid Base Salt', 2, 7, 28.5714, '0', '0:00:50', '0:00:23', 27, 'No', '2015-Jul-11', 7740782),
(50, '', 'surya', 'X', 'Science', 'Acid Base Salt', 8, 27, 29.6296, '0', '0:00:50', '0:00:00', 50, 'No', '2015-Jul-17', 9524907),
(51, 'propic/rahul@gmail.com/Jellyfish.jpg', 'rahul', 'IX', 'Maths', 'algebra', 1, 6, 16.6667, '0', '8:08:20', '8:08:06', 14, 'No', '2015-Aug-06', 930560),
(52, 'propic/rahul@gmail.com/Jellyfish.jpg', 'rahul', '', '', '', 0, 0, 0, '', '', '', 0, 'Yes', '2015-Aug-06', 8950902),
(53, 'propic/rahul@gmail.com/Jellyfish.jpg', 'rahul', 'IX', 'Science', 'Matters in Our Surroundings', 0, 5, 0, '0', '0:00:01', '0:00:00', 1, 'Yes', '2015-Aug-06', 2982440);

-- --------------------------------------------------------

--
-- Table structure for table `student_subject`
--

DROP TABLE IF EXISTS `student_subject`;
CREATE TABLE IF NOT EXISTS `student_subject` (
  `id` int(11) NOT NULL AUTO_INCREMENT,
  `class_id` int(11) NOT NULL,
  `subject` varchar(100) NOT NULL,
  `detail` varchar(50) NOT NULL,
  `image` varchar(500) NOT NULL,
  `status` int(200) NOT NULL,
  PRIMARY KEY (`id`)
) ENGINE=MyISAM  DEFAULT CHARSET=latin1 AUTO_INCREMENT=28 ;

--
-- Dumping data for table `student_subject`
--

INSERT INTO `student_subject` (`id`, `class_id`, `subject`, `detail`, `image`, `status`) VALUES
(24, 10, 'Science', 'english subject detail', 'image/science.png', 28),
(22, 10, 'Maths', 'Mathematics', 'image/easy maths .jpg', 13),
(26, 9, 'Maths', 'Equations', 'image/1414866594075.jpg', 18),
(25, 9, 'Science', 'CBSC Science', 'image/science.jpeg', 56),
(27, 11, 'India Our Country', 'Basic Information', 'image/GK Quiz.jpg', 0);

-- --------------------------------------------------------

--
-- Table structure for table `student_topic`
--

DROP TABLE IF EXISTS `student_topic`;
CREATE TABLE IF NOT EXISTS `student_topic` (
  `id` int(11) NOT NULL AUTO_INCREMENT,
  `class_id` int(11) NOT NULL,
  `subject_id` int(11) NOT NULL,
  `topic` varchar(100) NOT NULL,
  PRIMARY KEY (`id`)
) ENGINE=MyISAM  DEFAULT CHARSET=latin1 AUTO_INCREMENT=86 ;

--
-- Dumping data for table `student_topic`
--

INSERT INTO `student_topic` (`id`, `class_id`, `subject_id`, `topic`) VALUES
(41, 10, 22, 'Real Numbers'),
(21, 9, 25, 'Matters in Our Surroundings'),
(18, 9, 25, 'The Fundamental Unit of Life'),
(23, 9, 25, 'Is Matter Around Us Pure'),
(24, 9, 25, 'Atoms and Molecules'),
(25, 9, 25, 'Structure Of The Atom'),
(26, 9, 25, 'Tissues'),
(27, 9, 25, 'Diversity In Living Organism'),
(37, 10, 24, 'Acid Base Salt'),
(29, 9, 25, 'Force and Laws Of Motion'),
(30, 9, 25, 'Gravitation'),
(31, 9, 25, 'Work and Energy'),
(32, 9, 25, 'Sound'),
(33, 9, 25, 'Why Do we fall ill'),
(34, 9, 25, 'Natural Resources'),
(35, 9, 25, 'Improvement In Food Resources'),
(36, 9, 26, 'Number Systems'),
(38, 9, 25, 'Motion'),
(39, 9, 26, 'Linear Equations in Two Variables'),
(40, 9, 26, 'Quadrilaterals'),
(42, 10, 22, 'Polynomials'),
(43, 10, 22, 'Pair of Linear Equations in Two Vriables'),
(44, 10, 22, 'Quadratic Equations'),
(45, 10, 22, 'Arithmetic Progressions'),
(46, 10, 22, 'Triangles'),
(47, 10, 22, 'Coordinate Geometry'),
(48, 10, 22, 'Introduction to Trignometry'),
(49, 10, 22, 'Some Applications of Trignometry'),
(50, 10, 22, 'Circles'),
(51, 10, 22, 'Constructions'),
(54, 10, 22, 'Surface Areas and Volumes'),
(53, 10, 22, 'Areas related to circles'),
(55, 10, 22, 'Statistics'),
(56, 10, 22, 'Probability'),
(57, 10, 24, 'Chemical Reactions and Equations'),
(58, 10, 24, 'Metals and Non Metals'),
(59, 10, 24, 'Carbon and its compounds'),
(60, 10, 24, 'Periodic Classification of Elements'),
(61, 10, 24, 'Control and Coordination'),
(62, 10, 24, 'How do Organisms Reproduce'),
(63, 10, 24, 'Light Reflection and Refraction'),
(64, 9, 26, 'Number Systems'),
(65, 9, 26, 'Class IX Polynomials'),
(66, 9, 26, 'Class IX Coordinate Geometry'),
(67, 9, 26, 'Introduction to Elucid&#039;s Geometry'),
(68, 9, 26, 'Lines and Angles'),
(69, 9, 26, 'Class IX Triangles'),
(70, 9, 26, 'Areas of Parallelograms and Triangles'),
(71, 9, 26, 'Class IX Constructions'),
(72, 9, 26, 'Herons Formula'),
(73, 9, 26, 'Class IX Surface Areas and Volumes'),
(74, 9, 26, 'Class IX Statistics'),
(75, 9, 26, 'Class IX Probability'),
(76, 11, 27, 'Basic GK'),
(78, 10, 24, 'The Human Eye and Colourful World'),
(79, 10, 24, 'Electricity'),
(80, 10, 24, 'Magnetic Effects of Electric Current'),
(81, 10, 24, 'Sources of Energy'),
(82, 10, 24, 'Our Environment'),
(83, 10, 24, 'Management of Natural Resources'),
(84, 10, 24, 'Life Processes'),
(85, 9, 26, 'Circles');

-- --------------------------------------------------------

--
-- Table structure for table `tblconcepts`
--

DROP TABLE IF EXISTS `tblconcepts`;
CREATE TABLE IF NOT EXISTS `tblconcepts` (
  `id` int(11) NOT NULL AUTO_INCREMENT,
  `class` text NOT NULL,
  `subject` text NOT NULL,
  `topic` text NOT NULL,
  `concept` text NOT NULL,
  PRIMARY KEY (`id`)
) ENGINE=InnoDB  DEFAULT CHARSET=latin1 AUTO_INCREMENT=17 ;

--
-- Dumping data for table `tblconcepts`
--

INSERT INTO `tblconcepts` (`id`, `class`, `subject`, `topic`, `concept`) VALUES
(6, '10', '24', '37', ' Acids'),
(7, '10', '24', '37', 'bases'),
(8, '10', '24', '37', 'Reactions of acids'),
(9, '10', '24', '37', 'Reactions of bases'),
(10, '10', '24', '37', 'Salts'),
(11, '10', '24', '37', 'Electrolytes and nonelectrolytes'),
(12, '10', '24', '37', 'Dissociations and ionization of electrolytes'),
(13, '10', '24', '37', 'Strong and weak electrolytes'),
(14, '10', '24', '37', 'Ionization of water'),
(15, '10', '24', '37', 'Introduction to pH'),
(16, '10', '24', '37', 'Neutralization');

-- --------------------------------------------------------

--
-- Table structure for table `tblrefconcept`
--

DROP TABLE IF EXISTS `tblrefconcept`;
CREATE TABLE IF NOT EXISTS `tblrefconcept` (
  `id` int(11) NOT NULL AUTO_INCREMENT,
  `concept_id` int(11) NOT NULL,
  `Notes` text NOT NULL,
  `Path` text NOT NULL,
  PRIMARY KEY (`id`)
) ENGINE=InnoDB  DEFAULT CHARSET=latin1 AUTO_INCREMENT=5 ;

--
-- Dumping data for table `tblrefconcept`
--

INSERT INTO `tblrefconcept` (`id`, `concept_id`, `Notes`, `Path`) VALUES
(1, 6, 'General Chemistry Chapter 15', 'concept_notes/1general chemistry-Chapter15.pdf'),
(2, 6, 'Acid Base Salts', 'concept_notes/1acid_base_salt1.pdf'),
(3, 7, 'Bases', 'concept_notes/1bases.pdf'),
(4, 7, 'What comprises base', 'concept_notes/1Bases.docx');

-- --------------------------------------------------------

--
-- Table structure for table `tblstudy`
--

DROP TABLE IF EXISTS `tblstudy`;
CREATE TABLE IF NOT EXISTS `tblstudy` (
  `id` bigint(20) NOT NULL,
  `eid` varchar(200) NOT NULL,
  `notes` text NOT NULL,
  `time` int(11) NOT NULL,
  `date` varchar(40) NOT NULL
) ENGINE=InnoDB DEFAULT CHARSET=latin1;

--
-- Dumping data for table `tblstudy`
--

INSERT INTO `tblstudy` (`id`, `eid`, `notes`, `time`, `date`) VALUES
(7438355, 'pallavi.more@c9live.com', '../admin/concept_notes/1acid_base_salt1.pdf', 560, '2015-Jul-31'),
(4018549, 'pallavi.more@c9live.com', '../admin/concept_notes/1bases.pdf', 25, '2015-Aug-06'),
(1239307, 'pallavi.more@c9live.com', '../admin/concept_notes/1acid_base_salt1.pdf', 20, '2015-Aug-06'),
(7839642, 'pallavi.more@c9live.com', '../admin/concept_notes/1bases.pdf', 20, '2015-Aug-08'),
(3902595, 'pallavi.more@c9live.com', '../admin/concept_notes/1Bases.docx', 15, '2015-Aug-08'),
(3070956, 'pallavi.more@c9live.com', '../admin/concept_notes/1bases.pdf', 55, '2015-Aug-08'),
(4894342, 'pallavi.more@c9live.com', '../admin/image/Class X  2 Acids Bases and Salts .pdf', 150, '2015-Aug-12'),
(5875096, 'rahul.shinde@c9live.com', '../admin/image/1 Real Numbers .pdf', 235, '2015-Aug-20'),
(1122521, 'raveebhargav@gmail.com', '../admin/image/Class X  2 Acids Bases and Salts .pdf', 215, '2015-Aug-21'),
(3557686, 'raveebhargav@gmail.com', '../admin/image/Class X 3 Metal and Non Metals.pdf', 185, '2015-Aug-21'),
(2218508, 'raveebhargav@gmail.com', '../admin/image/Class X 11 The Human Eye and Colourful World.pdf', 55, '2015-Aug-21'),
(7953447, 'raveebhargav@gmail.com', '../admin/image/Class X  2 Acids Bases and Salts .pdf', 15, '2015-Aug-21'),
(620448, 'pallavi.more@c9live.com', '../admin/image/Class X 1 Chemical Reactions and Equations.pdf', 15, '2015-Aug-22'),
(6021, 'raveebhargav@gmail.com', '../admin/image/1 Real Numbers .pdf', 30, '2015-Aug-22'),
(229190, 'pallavi.more@c9live.com', '../admin/image/Class X  2 Acids Bases and Salts .pdf', 75, '2015-Aug-22');

-- --------------------------------------------------------

--
-- Table structure for table `tbltemp`
--

DROP TABLE IF EXISTS `tbltemp`;
CREATE TABLE IF NOT EXISTS `tbltemp` (
  `class` varchar(80) DEFAULT NULL,
  `subject` varchar(80) DEFAULT NULL,
  `Topic` varchar(80) DEFAULT NULL,
  `ebook` varchar(200) DEFAULT NULL,
  `videos` varchar(200) DEFAULT NULL
) ENGINE=InnoDB DEFAULT CHARSET=latin1;

--
-- Dumping data for table `tbltemp`
--

INSERT INTO `tbltemp` (`class`, `subject`, `Topic`, `ebook`, `videos`) VALUES
('IX', 'Science', 'Matters in Our Surroundings', '', 'Sublimation - Class 9 Science.mp4'),
('IX', 'Science', 'Tissues', '', 'Structure of Cell Nucleus.mp4'),
('X', 'Maths', 'Real Numbers', 'Chap-1Real Numbers .pdf', ''),
('X', 'Maths', 'Polynomials', 'Chap-2 Polynomials.pdf', ''),
('X', 'Maths', 'Pair of Linear Equations in Two Vriables', 'Chap-3 Linear Equations in 2 variables.pdf', ''),
('X', 'Maths', 'Quadratic Equations', 'Chap4 Quadratic Equations .pdf', ''),
('X', 'Maths', 'Arithmetic Progressions', 'Chap-5 Arithmetic Progressions.pdf', ''),
('X', 'Maths', 'Triangles', 'Chap-6 Triangles .pdf', ''),
('X', 'Maths', 'Coordinate Geometry', 'Chap7 Coordinate Geometry .pdf', ''),
('X', 'Maths', 'Introduction to Trignometry', 'Chap8 Trigonometry.pdf', ''),
('X', 'Maths', 'Some Applications of Trignometry', 'Chap9 Heights & Distances .pdf', ''),
('X', 'Maths', 'Circles', 'Chap10 Circles.pdf', ''),
('X', 'Maths', 'Constructions', 'Chap11 Constructions.pdf', ''),
('X', 'Maths', 'Surface Areas and Volumes', 'Chap-13 Surface Areas & Volumes.pdf', ''),
('X', 'Maths', 'Areas related to circles', 'Chap-12 Areas related to Circles.pdf', ''),
('X', 'Maths', 'Statistics', 'Chap-14 Statistics .pdf', ''),
('X', 'Maths', 'Probability', 'Chap15 Probability.pdf', ''),
('General Knowledge', 'India Our Country', 'Basic GK', 'Our Country India - Basics Quiz.pdf', ''),
('IX', 'Science', 'Force and Laws Of Motion', '', 'motion1.swf'),
('IX', 'Science', 'Force and Laws Of Motion', '', 'motion2.swf'),
('X', 'Science', 'Acid Base Salt', 'Class X  2 Acids Bases and Salts .pdf', ''),
('X', 'Science', 'Chemical Reactions and Equations', 'Class X 1 Chemical Reactions and Equations.pdf', ''),
('X', 'Science', 'Metals and Non Metals', 'Class X 3 Metal and Non Metals.pdf', ''),
('X', 'Science', 'Periodic Classification of Elements', 'Class X 5 Periodic Classification of Elements.pdf', ''),
('X', 'Science', 'Periodic Classification of Elements', 'Class X 5 Periodic Classification of Elements.pdf', ''),
('X', 'Science', 'Control and Coordination', 'Class X 7 Control and Coordinations.pdf', ''),
('X', 'Science', 'The Human Eye and Colourful World', 'Class X 11 The Human Eye and Colourful World.pdf', ''),
('X', 'Maths', 'Real Numbers', '', 'Class X 1Real Numbers.swf'),
('X', 'Maths', 'Polynomials', '', 'Class X 2Polynomials.swf'),
('IX', 'Maths', 'Class IX Polynomials', '', 'Class IX  2 Polynomials.swf'),
('IX', 'Science', 'Sound', '', 'IX Sound .swf'),
('IX', 'Science', 'Work and Energy', '', 'IX Work and Energy .swf'),
('IX', 'Maths', 'Number Systems', '1 Real Numbers .pdf', ''),
('IX', 'Maths', 'Linear Equations in Two Variables', '4 Linear Equations in 2 variables.pdf', ''),
('IX', 'Maths', 'Class IX Coordinate Geometry', '3 Coordinate Geometry.pdf', ''),
('IX', 'Maths', 'Class IX Polynomials', '2 Polynomials .pdf', ''),
('IX', 'Maths', 'Lines and Angles', '6 Lines and Angles .pdf', ''),
('IX', 'Maths', 'Class IX Triangles', '7 Triangles .pdf', ''),
('IX', 'Maths', 'Quadrilaterals', '8 Quadrilaterals .pdf', ''),
('IX', 'Maths', 'Areas of Parallelograms and Triangles', '9 Areas of Parallelograms and Triangles .pdf', ''),
('IX', 'Maths', 'Circles', '10 Circles .pdf', ''),
('IX', 'Maths', 'Class IX Constructions', '11 Constructions .pdf', ''),
('IX', 'Maths', 'Class IX Surface Areas and Volumes', '13 Surface Areas and Volumes .pdf', ''),
('IX', 'Maths', 'Class IX Statistics', '14 Class IX Statistics .pdf', ''),
('IX', 'Maths', 'Class IX Probability', '15 Class IX Probability .pdf', ''),
('IX', 'Maths', 'Introduction to Elucid&#039;s Geometry', '5 Introduction to Euclids Geometry.pdf', ''),
('IX', 'Maths', 'Herons Formula', '12 Herons Formula.pdf', '');

-- --------------------------------------------------------

--
-- Table structure for table `tbltemp1`
--

DROP TABLE IF EXISTS `tbltemp1`;
CREATE TABLE IF NOT EXISTS `tbltemp1` (
  `id` int(11) NOT NULL AUTO_INCREMENT,
  `class_name` varchar(100) NOT NULL,
  `subject` varchar(200) NOT NULL,
  `topic` varchar(200) NOT NULL,
  `question` text NOT NULL,
  `answer` text NOT NULL,
  `correct` varchar(100) NOT NULL,
  PRIMARY KEY (`id`)
) ENGINE=InnoDB  DEFAULT CHARSET=latin1 AUTO_INCREMENT=500 ;

--
-- Dumping data for table `tbltemp1`
--

INSERT INTO `tbltemp1` (`id`, `class_name`, `subject`, `topic`, `question`, `answer`, `correct`) VALUES
(489, '', '', '', '<p>According to the third law of motion, action and reaction</p>', '|Always act on the same body.|Always acts on different body in opposite directions.|Have some magnitude and directions.|Act on either body at normal to each other.', 'Always acts on different body in opposite directions.'),
(490, '', '', '', '<p>A goalkeeper in a game of football pulls his hands backwards after holding the ball shot at the goal. This enables the goal keeper to</p>', '|Exert larger force on the ball|Reduce the force exerted by the balls on hands|Increase the rate of change of momentum|Decrease the rate of change of momentum', 'Reduce the force exerted by the balls on hands'),
(491, '', '', '', '<p>The inertia of an object tends to cause the object</p>', '|To increase its speed|To decrease its speed|To resist any change in its state of motion|To decelerate due to friction', 'To resist any change in its state of motion'),
(492, '', '', '', '<p>A passenger in a moving train tosses a coin which falls behind him. It means that motion of the train</p>', '|Accelerated|Uniform|Retarded|Along circular tracks', 'Uniform'),
(493, '', '', '', '<p>If force and displacement of particle in direction of force are doubled. Work would be</p>', '|Double|4 times|Half|1/4 times', '4 times'),
(494, '', '', '', '<p>If velocity of a body is twice of previous velocity, then kinetic energy will become</p>', '|2 times|1/2 times|4 times| 1 times', '4 times'),
(495, '', '', '', '<p>The unit of work is</p>', '|Newton|Joule|Metre|Second', 'Joule'),
(496, '', '', '', '<p>A drill bit is an example of which type of machine?</p>', '|lever|wheel and axle|pulley|screw', 'screw'),
(497, '', '', '', '<p>Splitting of Uranium nucleus releases</p>', '|Kinetic energy|Potential energy|Nuclear energy|Chemical energy', 'Nuclear energy'),
(498, '', '', '', '<p>Which of the following is not a function of a machines?</p>', '|To make our work convenient|To enable us lift more load with less force|To enable us make the measurement correctly.|To make our work faster', 'To enable us make the measurement correctly.'),
(499, '', '', '', '', '||||', '');

-- --------------------------------------------------------

--
-- Table structure for table `tblweakcconcept`
--

DROP TABLE IF EXISTS `tblweakcconcept`;
CREATE TABLE IF NOT EXISTS `tblweakcconcept` (
  `id` int(11) NOT NULL AUTO_INCREMENT,
  `name` text NOT NULL,
  `img` text,
  `eid` text NOT NULL,
  `class` text NOT NULL,
  `subject` text NOT NULL,
  `topic` text NOT NULL,
  `date` text NOT NULL,
  `weak_concept` text,
  PRIMARY KEY (`id`)
) ENGINE=InnoDB  DEFAULT CHARSET=latin1 AUTO_INCREMENT=11 ;

--
-- Dumping data for table `tblweakcconcept`
--

INSERT INTO `tblweakcconcept` (`id`, `name`, `img`, `eid`, `class`, `subject`, `topic`, `date`, `weak_concept`) VALUES
(1, 'pallavi', 'propic/pallavi.more@c9live.com/Penguins.jpg', 'pallavi.more@c9live.com', 'X', 'Science', 'Acid Base Salt', '2015-Jun-16', ',Ionization of water,                                                Reactions of acids, Acids,                                                 '),
(2, 'surya', '', 'raveebhargav@gmail.com', 'X', 'Science', 'Acid Base Salt', '2015-Jun-19', ',Neutralization,Introduction to pH,                                              Ionization of water,                                                Reactions of acids, Acids,                                                 bases'),
(3, 'surya', '', 'raveebhargav@gmail.com', 'X', 'Science', 'Acid Base Salt', '2015-Jun-21', ',Reactions of acids,bases,Acids,                                                                                                                                                Neutralization,Introduction to pH,                                              Ionization of water'),
(4, 'surya', '', 'raveebhargav@gmail.com', 'X', 'Science', 'Acid Base Salt', '2015-Jul-11', ',Neutralization,Introduction to pH,                                              Ionization of water,                                                Reactions of acids, Acids,                                                 bases'),
(5, 'pallavi', 'propic/pallavi.more@c9live.com/friend_pic_1.jpg', 'pallavi.more@c9live.com', 'X', 'Science', 'Acid Base Salt', '2015-Jul-11', ',Neutralization,Introduction to pH,                                              Ionization of water,                                                Reactions of acids, Acids,                                                 bases'),
(6, 'pallavi', 'propic/pallavi.more@c9live.com/friend_pic_1.jpg', 'pallavi.more@c9live.com', 'X', 'Science', 'Acid Base Salt', '2015-Jul-11', ',Ionization of water,                                                bases, Acids,Introduction to pH,                                                 Reactions of acids'),
(7, 'surya', '', 'raveebhargav@gmail.com', 'X', 'Science', 'Acid Base Salt', '2015-Jul-17', ',Ionization of water,                                                '),
(8, 'rahul', 'propic/rahul@gmail.com/Jellyfish.jpg', 'rahul.shinde@c9live.com', 'IX', 'Maths', 'algebra', '2015-Aug-06', ''),
(9, 'rahul', 'propic/rahul@gmail.com/Jellyfish.jpg', 'rahul.shinde@c9live.com', '', '', '', '2015-Aug-06', ''),
(10, 'rahul', 'propic/rahul@gmail.com/Jellyfish.jpg', 'rahul.shinde@c9live.com', 'IX', 'Science', 'Matters in Our Surroundings', '2015-Aug-06', ',change of state                                              ');

-- --------------------------------------------------------

--
-- Table structure for table `time`
--

DROP TABLE IF EXISTS `time`;
CREATE TABLE IF NOT EXISTS `time` (
  `id` int(11) NOT NULL AUTO_INCREMENT,
  `Class` varchar(80) NOT NULL,
  `Subject` varchar(80) NOT NULL,
  `Topic` varchar(80) NOT NULL,
  `time` varchar(200) NOT NULL,
  `time1` varchar(200) NOT NULL,
  `time2` varchar(200) NOT NULL,
  `fullmark` varchar(100) NOT NULL,
  PRIMARY KEY (`id`)
) ENGINE=InnoDB  DEFAULT CHARSET=latin1 AUTO_INCREMENT=8 ;

--
-- Dumping data for table `time`
--

INSERT INTO `time` (`id`, `Class`, `Subject`, `Topic`, `time`, `time1`, `time2`, `fullmark`) VALUES
(4, 'IX', 'Maths', 'algebra', '500', '600', '700', '100'),
(5, 'IX', 'Maths', 'Linear Equations in Two Variables', '10', '50', '30', '100'),
(7, 'X', 'Science', 'Acid Base Salt', '100', '150', '230', '100');

/*!40101 SET CHARACTER_SET_CLIENT=@OLD_CHARACTER_SET_CLIENT */;
/*!40101 SET CHARACTER_SET_RESULTS=@OLD_CHARACTER_SET_RESULTS */;
/*!40101 SET COLLATION_CONNECTION=@OLD_COLLATION_CONNECTION */;
